timestamp,robot_id,robot_name,pos_x,pos_y,vel_x,vel_y,speed
0.025,1,swarm_bot_2,0.6005,1.7891,-0.0119,-0.0368,0.0387
0.026,2,swarm_bot_3,-1.5061,1.1013,0.0313,-0.0227,0.0386
0.026,3,swarm_bot_4,-1.511,-1.1115,0.0314,0.0228,0.0388
0.026,1,swarm_bot_2,0.5993,1.7854,-0.0119,-0.0367,0.0386
0.027,2,swarm_bot_3,-1.503,1.0991,0.0312,-0.0226,0.0386
0.027,3,swarm_bot_4,-1.5079,-1.1092,0.0313,0.0227,0.0387
0.094,1,swarm_bot_2,0.5981,1.7817,-0.0119,-0.0366,0.0385
0.095,2,swarm_bot_3,-1.4999,1.0968,0.0312,-0.0226,0.0385
0.095,3,swarm_bot_4,-1.5047,-1.1069,0.0313,0.0227,0.0386
0.096,4,swarm_bot_5,0.5883,-1.784,-0.0117,0.0366,0.0384
0.199,1,swarm_bot_2,0.597,1.7781,-0.0119,-0.0366,0.0384
0.199,2,swarm_bot_3,-1.4968,1.0946,0.0311,-0.0225,0.0384
0.2,3,swarm_bot_4,-1.5016,-1.1047,0.0312,0.0226,0.0385
0.2,4,swarm_bot_5,0.5872,-1.7803,-0.0117,0.0365,0.0383
0.993,1,swarm_bot_2,0.5958,1.7744,-0.0119,-0.0365,0.0384
0.994,2,swarm_bot_3,-1.4937,1.0923,0.031,-0.0225,0.0383
0.995,3,swarm_bot_4,-1.4985,-1.1024,0.0311,0.0226,0.0385
0.995,4,swarm_bot_5,0.586,-1.7767,-0.0117,0.0364,0.0383
0.996,1,swarm_bot_2,0.5946,1.7708,-0.0119,-0.0364,0.0383
0.996,2,swarm_bot_3,-1.4906,1.0901,0.031,-0.0224,0.0382
0.996,3,swarm_bot_4,-1.4954,-1.1002,0.0311,0.0226,0.0384
0.996,4,swarm_bot_5,0.5848,-1.773,-0.0117,0.0364,0.0382
1.012,2,swarm_bot_3,-1.4875,1.0878,0.0309,-0.0224,0.0381
1.013,3,swarm_bot_4,-1.4923,-1.0979,0.031,0.0225,0.0383
1.013,4,swarm_bot_5,0.5837,-1.7694,-0.0117,0.0363,0.0381
1.015,1,swarm_bot_2,0.5934,1.7671,-0.0119,-0.0363,0.0382
1.024,0,swarm_bot_1,1.8983,0.003,-0.0386,-0.0001,0.0386
1.026,0,swarm_bot_1,1.8945,0.003,-0.0385,-0.0001,0.0385
1.026,0,swarm_bot_1,1.8906,0.003,-0.0385,-0.0001,0.0385
1.027,0,swarm_bot_1,1.8868,0.003,-0.0384,-0.0001,0.0384
1.028,0,swarm_bot_1,1.8829,0.003,-0.0383,-0.0001,0.0383
1.028,0,swarm_bot_1,1.8791,0.003,-0.0383,-0.0001,0.0383
1.029,0,swarm_bot_1,1.8753,0.0029,-0.0382,-0.0001,0.0382
1.117,0,swarm_bot_1,1.8715,0.0029,-0.0381,-0.0001,0.0381
1.117,1,swarm_bot_2,0.5922,1.7635,-0.0118,-0.0363,0.0382
1.118,2,swarm_bot_3,-1.4844,1.0856,0.0308,-0.0223,0.0381
1.118,3,swarm_bot_4,-1.4892,-1.0957,0.0309,0.0225,0.0382
1.118,4,swarm_bot_5,0.5825,-1.7658,-0.0116,0.0362,0.0381
1.719,0,swarm_bot_1,1.8677,0.0029,-0.038,-0.0001,0.038
1.72,1,swarm_bot_2,0.591,1.7599,-0.0118,-0.0362,0.0381
1.72,2,swarm_bot_3,-1.4813,1.0834,0.0308,-0.0223,0.038
1.72,3,swarm_bot_4,-1.4861,-1.0934,0.0309,0.0224,0.0381
1.72,4,swarm_bot_5,0.5813,-1.7622,-0.0116,0.0362,0.038
1.82,0,swarm_bot_1,1.8639,0.0029,-0.038,-0.0001,0.038
1.82,1,swarm_bot_2,0.5898,1.7563,-0.0118,-0.0361,0.038
1.821,2,swarm_bot_3,-1.4783,1.0811,0.0307,-0.0223,0.0379
1.821,3,swarm_bot_4,-1.4831,-1.0912,0.0308,0.0224,0.0381
1.821,4,swarm_bot_5,0.5802,-1.7585,-0.0116,0.0361,0.0379
1.941,0,swarm_bot_1,1.8601,0.0029,-0.0379,-0.0001,0.0379
1.942,1,swarm_bot_2,0.5887,1.7527,-0.0118,-0.0361,0.0379
1.942,2,swarm_bot_3,-1.4752,1.0789,0.0306,-0.0222,0.0378
1.943,3,swarm_bot_4,-1.48,-1.0889,0.0307,0.0223,0.038
1.943,4,swarm_bot_5,0.579,-1.7549,-0.0116,0.036,0.0378
2.046,1,swarm_bot_2,0.5875,1.7491,-0.0118,-0.036,0.0379
2.046,3,swarm_bot_4,-1.4769,-1.0867,0.0307,0.0223,0.0379
2.046,4,swarm_bot_5,0.5779,-1.7514,-0.0116,0.0359,0.0378
2.047,0,swarm_bot_1,1.8563,0.0029,-0.0378,-0.0001,0.0378
2.047,2,swarm_bot_3,-1.4721,1.0767,0.0306,-0.0222,0.0377
2.647,1,swarm_bot_2,0.5863,1.7455,-0.0117,-0.0359,0.0378
2.647,2,swarm_bot_3,-1.4691,1.0745,0.0305,-0.0221,0.0377
2.647,3,swarm_bot_4,-1.4739,-1.0845,0.0306,0.0222,0.0378
2.647,0,swarm_bot_1,1.8525,0.0029,-0.0377,-0.0001,0.0377
2.648,4,swarm_bot_5,0.5767,-1.7478,-0.0115,0.0359,0.0377
2.748,4,swarm_bot_5,0.5756,-1.7442,-0.0115,0.0358,0.0376
2.748,0,swarm_bot_1,1.8488,0.0029,-0.0377,-0.0001,0.0377
2.748,1,swarm_bot_2,0.5852,1.7419,-0.0117,-0.0358,0.0377
2.749,2,swarm_bot_3,-1.466,1.0723,0.0304,-0.0221,0.0376
2.749,3,swarm_bot_4,-1.4708,-1.0823,0.0305,0.0222,0.0377
2.869,0,swarm_bot_1,1.845,0.0029,-0.0376,-0.0001,0.0376
2.87,1,swarm_bot_2,0.584,1.7383,-0.0117,-0.0358,0.0376
2.871,2,swarm_bot_3,-1.463,1.0701,0.0304,-0.022,0.0375
2.873,4,swarm_bot_5,0.5744,-1.7406,-0.0115,0.0357,0.0375
2.875,3,swarm_bot_4,-1.4678,-1.0801,0.0305,0.0222,0.0377
2.975,2,swarm_bot_3,-1.46,1.0679,0.0303,-0.022,0.0374
2.976,3,swarm_bot_4,-1.4647,-1.0779,0.0304,0.0221,0.0376
2.976,0,swarm_bot_1,1.8413,0.0029,-0.0375,-0.0001,0.0375
2.976,1,swarm_bot_2,0.5828,1.7348,-0.0117,-0.0357,0.0375
2.977,4,swarm_bot_5,0.5733,-1.737,-0.0115,0.0356,0.0375
3.576,0,swarm_bot_1,1.8375,0.0029,-0.0374,-0.0001,0.0374
3.576,1,swarm_bot_2,0.5816,1.7312,-0.0116,-0.0356,0.0375
3.577,2,swarm_bot_3,-1.457,1.0657,0.0302,-0.0219,0.0374
3.577,3,swarm_bot_4,-1.4617,-1.0756,0.0303,0.0221,0.0375
3.577,4,swarm_bot_5,0.5721,-1.7335,-0.0115,0.0356,0.0374
3.678,0,swarm_bot_1,1.8338,0.0028,-0.0374,-0.0001,0.0374
3.678,4,swarm_bot_5,0.571,-1.7299,-0.0114,0.0355,0.0373
3.679,1,swarm_bot_2,0.5805,1.7276,-0.0116,-0.0355,0.0374
3.679,2,swarm_bot_3,-1.4539,1.0635,0.0302,-0.0219,0.0373
3.679,3,swarm_bot_4,-1.4587,-1.0734,0.0303,0.022,0.0374
3.797,0,swarm_bot_1,1.8301,0.0028,-0.0373,-0.0001,0.0373
3.798,1,swarm_bot_2,0.5793,1.7241,-0.0116,-0.0355,0.0373
3.799,2,swarm_bot_3,-1.4509,1.0613,0.0301,-0.0218,0.0372
3.799,4,swarm_bot_5,0.5698,-1.7264,-0.0114,0.0354,0.0372
3.8,3,swarm_bot_4,-1.4556,-1.0712,0.0302,0.022,0.0374
3.906,3,swarm_bot_4,-1.4526,-1.0691,0.0302,0.0219,0.0373
3.906,0,swarm_bot_1,1.8263,0.0028,-0.0372,-0.0001,0.0372
3.906,1,swarm_bot_2,0.5782,1.7206,-0.0116,-0.0354,0.0372
3.907,2,swarm_bot_3,-1.4479,1.0591,0.0301,-0.0218,0.0371
3.907,4,swarm_bot_5,0.5687,-1.7229,-0.0114,0.0354,0.0371
4.507,0,swarm_bot_1,1.8226,0.0028,-0.0371,-0.0001,0.0371
4.507,1,swarm_bot_2,0.577,1.717,-0.0116,-0.0353,0.0372
4.507,2,swarm_bot_3,-1.4449,1.057,0.03,-0.0218,0.0371
4.508,3,swarm_bot_4,-1.4496,-1.0669,0.0301,0.0219,0.0372
4.508,4,swarm_bot_5,0.5676,-1.7193,-0.0114,0.0353,0.0371
4.609,1,swarm_bot_2,0.5759,1.7135,-0.0115,-0.0353,0.0371
4.609,2,swarm_bot_3,-1.4419,1.0548,0.0299,-0.0217,0.037
4.61,3,swarm_bot_4,-1.4466,-1.0647,0.03,0.0218,0.0371
4.61,4,swarm_bot_5,0.5664,-1.7158,-0.0113,0.0352,0.037
4.61,0,swarm_bot_1,1.8189,0.0028,-0.0371,-0.0001,0.0371
4.721,0,swarm_bot_1,1.8152,0.0028,-0.037,-0.0001,0.037
4.722,1,swarm_bot_2,0.5747,1.71,-0.0115,-0.0352,0.037
4.723,2,swarm_bot_3,-1.4389,1.0526,0.0299,-0.0217,0.0369
4.723,4,swarm_bot_5,0.5653,-1.7123,-0.0113,0.0351,0.0369
4.725,3,swarm_bot_4,-1.4436,-1.0625,0.03,0.0218,0.0371
4.83,1,swarm_bot_2,0.5736,1.7065,-0.0115,-0.0351,0.0369
4.83,0,swarm_bot_1,1.8115,0.0028,-0.0369,-0.0001,0.0369
4.83,2,swarm_bot_3,-1.436,1.0505,0.0298,-0.0216,0.0368
4.831,3,swarm_bot_4,-1.4406,-1.0603,0.0299,0.0217,0.037
4.831,4,swarm_bot_5,0.5642,-1.7088,-0.0113,0.0351,0.0368
5.432,1,swarm_bot_2,0.5724,1.703,-0.0115,-0.035,0.0369
5.432,2,swarm_bot_3,-1.433,1.0483,0.0297,-0.0216,0.0367
5.432,0,swarm_bot_1,1.8078,0.0028,-0.0368,-0.0001,0.0368
5.432,3,swarm_bot_4,-1.4376,-1.0582,0.0298,0.0217,0.0369
5.433,4,swarm_bot_5,0.563,-1.7053,-0.0113,0.035,0.0368
5.533,0,swarm_bot_1,1.8042,0.0028,-0.0368,-0.0001,0.0368
5.533,1,swarm_bot_2,0.5713,1.6995,-0.0114,-0.035,0.0368
5.533,2,swarm_bot_3,-1.43,1.0462,0.0297,-0.0215,0.0367
5.534,3,swarm_bot_4,-1.4347,-1.056,0.0298,0.0217,0.0368
5.534,4,swarm_bot_5,0.5619,-1.7018,-0.0113,0.0349,0.0367
5.644,1,swarm_bot_2,0.5701,1.696,-0.0114,-0.0349,0.0367
5.645,0,swarm_bot_1,1.8005,0.0028,-0.0367,-0.0001,0.0367
5.645,2,swarm_bot_3,-1.4271,1.044,0.0296,-0.0215,0.0366
5.646,3,swarm_bot_4,-1.4317,-1.0538,0.0297,0.0216,0.0368
5.646,4,swarm_bot_5,0.5608,-1.6983,-0.0112,0.0349,0.0366
5.754,0,swarm_bot_1,1.7968,0.0027,-0.0366,-0.0001,0.0366
5.754,1,swarm_bot_2,0.569,1.6925,-0.0114,-0.0348,0.0366
5.754,2,swarm_bot_3,-1.4241,1.0419,0.0296,-0.0214,0.0365
5.755,3,swarm_bot_4,-1.4287,-1.0517,0.0297,0.0216,0.0367
5.755,4,swarm_bot_5,0.5597,-1.6948,-0.0112,0.0348,0.0365
6.354,1,swarm_bot_2,0.5679,1.689,-0.0114,-0.0347,0.0366
6.355,0,swarm_bot_1,1.7932,0.0027,-0.0365,-0.0001,0.0365
6.355,2,swarm_bot_3,-1.4211,1.0397,0.0295,-0.0214,0.0364
6.356,3,swarm_bot_4,-1.4258,-1.0495,0.0296,0.0215,0.0366
6.356,4,swarm_bot_5,0.5585,-1.6914,-0.0112,0.0347,0.0365
6.456,1,swarm_bot_2,0.5667,1.6856,-0.0113,-0.0347,0.0365
6.457,3,swarm_bot_4,-1.4228,-1.0474,0.0295,0.0215,0.0365
6.457,0,swarm_bot_1,1.7895,0.0027,-0.0365,-0.0001,0.0365
6.457,2,swarm_bot_3,-1.4182,1.0376,0.0294,-0.0214,0.0364
6.458,4,swarm_bot_5,0.5574,-1.6879,-0.0112,0.0346,0.0364
6.57,0,swarm_bot_1,1.7859,0.0027,-0.0364,-0.0001,0.0364
6.571,1,swarm_bot_2,0.5656,1.6821,-0.0113,-0.0346,0.0364
6.574,2,swarm_bot_3,-1.4153,1.0355,0.0294,-0.0213,0.0363
6.575,3,swarm_bot_4,-1.4199,-1.0452,0.0295,0.0214,0.0364
6.575,4,swarm_bot_5,0.5563,-1.6844,-0.0111,0.0346,0.0363
6.677,3,swarm_bot_4,-1.4169,-1.0431,0.0294,0.0214,0.0364
6.678,4,swarm_bot_5,0.5552,-1.681,-0.0111,0.0345,0.0362
6.678,0,swarm_bot_1,1.7823,0.0027,-0.0363,-0.0001,0.0363
6.678,1,swarm_bot_2,0.5645,1.6786,-0.0113,-0.0345,0.0363
6.679,2,swarm_bot_3,-1.4123,1.0333,0.0293,-0.0213,0.0362
7.279,1,swarm_bot_2,0.5633,1.6752,-0.0113,-0.0345,0.0363
7.279,0,swarm_bot_1,1.7786,0.0027,-0.0362,-0.0001,0.0362
7.279,2,swarm_bot_3,-1.4094,1.0312,0.0293,-0.0212,0.0361
7.279,3,swarm_bot_4,-1.414,-1.041,0.0294,0.0213,0.0363
7.28,4,swarm_bot_5,0.5541,-1.6775,-0.0111,0.0344,0.0362
7.38,0,swarm_bot_1,1.775,0.0027,-0.0362,-0.0001,0.0362
7.38,1,swarm_bot_2,0.5622,1.6718,-0.0113,-0.0344,0.0362
7.381,2,swarm_bot_3,-1.4065,1.0291,0.0292,-0.0212,0.0361
7.381,3,swarm_bot_4,-1.4111,-1.0388,0.0293,0.0213,0.0362
7.381,4,swarm_bot_5,0.553,-1.6741,-0.0111,0.0344,0.0361
7.496,0,swarm_bot_1,1.7714,0.0027,-0.0361,-0.0001,0.0361
7.498,2,swarm_bot_3,-1.4036,1.027,0.0291,-0.0211,0.036
7.498,3,swarm_bot_4,-1.4081,-1.0367,0.0292,0.0213,0.0361
7.498,4,swarm_bot_5,0.5519,-1.6707,-0.011,0.0343,0.036
7.5,1,swarm_bot_2,0.5611,1.6683,-0.0112,-0.0343,0.0361
7.601,1,swarm_bot_2,0.56,1.6649,-0.0112,-0.0342,0.036
7.601,2,swarm_bot_3,-1.4007,1.0249,0.0291,-0.0211,0.0359
7.602,0,swarm_bot_1,1.7678,0.0027,-0.036,-0.0001,0.036
7.602,3,swarm_bot_4,-1.4052,-1.0346,0.0292,0.0212,0.0361
7.602,4,swarm_bot_5,0.5508,-1.6673,-0.011,0.0342,0.0359
8.203,2,swarm_bot_3,-1.3978,1.0228,0.029,-0.0211,0.0359
8.203,3,swarm_bot_4,-1.4023,-1.0325,0.0291,0.0212,0.036
8.204,4,swarm_bot_5,0.5497,-1.6638,-0.011,0.0341,0.0359
8.204,0,swarm_bot_1,1.7642,0.0027,-0.0359,-0.0001,0.0359
8.205,1,swarm_bot_2,0.5588,1.6615,-0.0112,-0.0342,0.036
8.306,3,swarm_bot_4,-1.3994,-1.0303,0.0291,0.0211,0.0359
8.306,4,swarm_bot_5,0.5486,-1.6604,-0.011,0.0341,0.0358
8.307,0,swarm_bot_1,1.7606,0.0027,-0.0359,-0.0001,0.0359
8.307,1,swarm_bot_2,0.5577,1.6581,-0.0112,-0.0341,0.0359
8.307,2,swarm_bot_3,-1.3949,1.0207,0.029,-0.021,0.0358
8.415,1,swarm_bot_2,0.5566,1.6547,-0.0111,-0.034,0.0358
8.416,2,swarm_bot_3,-1.392,1.0186,0.0289,-0.021,0.0357
8.416,3,swarm_bot_4,-1.3965,-1.0282,0.029,0.0211,0.0359
8.416,4,swarm_bot_5,0.5475,-1.657,-0.011,0.034,0.0357
8.417,0,swarm_bot_1,1.757,0.0026,-0.0358,-0.0001,0.0358
8.523,1,swarm_bot_2,0.5555,1.6513,-0.0111,-0.034,0.0357
8.524,2,swarm_bot_3,-1.3891,1.0165,0.0288,-0.0209,0.0356
8.524,0,swarm_bot_1,1.7535,0.0026,-0.0357,-0.0001,0.0357
8.524,3,swarm_bot_4,-1.3936,-1.0261,0.0289,0.021,0.0358
8.525,4,swarm_bot_5,0.5464,-1.6536,-0.0109,0.0339,0.0357
9.125,3,swarm_bot_4,-1.3907,-1.024,0.0289,0.021,0.0357
9.125,4,swarm_bot_5,0.5453,-1.6503,-0.0109,0.0339,0.0356
9.126,0,swarm_bot_1,1.7499,0.0026,-0.0357,-0.0001,0.0357
9.126,1,swarm_bot_2,0.5544,1.6479,-0.0111,-0.0339,0.0357
9.126,2,swarm_bot_3,-1.3862,1.0144,0.0288,-0.0209,0.0356
9.226,0,swarm_bot_1,1.7463,0.0026,-0.0356,-0.0001,0.0356
9.226,1,swarm_bot_2,0.5533,1.6445,-0.0111,-0.0338,0.0356
9.226,3,swarm_bot_4,-1.3878,-1.0219,0.0288,0.021,0.0356
9.227,4,swarm_bot_5,0.5442,-1.6469,-0.0109,0.0338,0.0355
9.227,2,swarm_bot_3,-1.3833,1.0123,0.0287,-0.0208,0.0355
9.336,0,swarm_bot_1,1.7428,0.0026,-0.0355,-0.0001,0.0355
9.336,1,swarm_bot_2,0.5522,1.6411,-0.011,-0.0338,0.0355
9.336,2,swarm_bot_3,-1.3805,1.0102,0.0287,-0.0208,0.0354
9.336,3,swarm_bot_4,-1.385,-1.0198,0.0288,0.0209,0.0356
9.337,4,swarm_bot_5,0.5431,-1.6435,-0.0109,0.0337,0.0354
9.442,0,swarm_bot_1,1.7393,0.0026,-0.0354,-0.0001,0.0354
9.443,1,swarm_bot_2,0.5511,1.6378,-0.011,-0.0337,0.0355
9.443,3,swarm_bot_4,-1.3821,-1.0178,0.0287,0.0209,0.0355
9.443,2,swarm_bot_3,-1.3776,1.0081,0.0286,-0.0208,0.0353
9.444,4,swarm_bot_5,0.542,-1.6401,-0.0108,0.0337,0.0354
10.044,0,swarm_bot_1,1.7357,0.0026,-0.0354,-0.0001,0.0354
10.044,4,swarm_bot_5,0.541,-1.6368,-0.0108,0.0336,0.0353
10.045,1,swarm_bot_2,0.55,1.6344,-0.011,-0.0336,0.0354
10.045,2,swarm_bot_3,-1.3748,1.0061,0.0285,-0.0207,0.0353
10.045,3,swarm_bot_4,-1.3792,-1.0157,0.0286,0.0208,0.0354
10.145,1,swarm_bot_2,0.5489,1.631,-0.011,-0.0336,0.0353
10.145,4,swarm_bot_5,0.5399,-1.6334,-0.0108,0.0335,0.0352
10.146,0,swarm_bot_1,1.7322,0.0026,-0.0353,-0.0001,0.0353
10.146,2,swarm_bot_3,-1.3719,1.004,0.0285,-0.0207,0.0352
10.146,3,swarm_bot_4,-1.3764,-1.0136,0.0286,0.0208,0.0353
10.254,0,swarm_bot_1,1.7287,0.0026,-0.0352,-0.0001,0.0352
10.255,3,swarm_bot_4,-1.3735,-1.0115,0.0285,0.0207,0.0353
10.256,1,swarm_bot_2,0.5478,1.6277,-0.011,-0.0335,0.0352
10.256,2,swarm_bot_3,-1.3691,1.0019,0.0284,-0.0206,0.0351
10.257,4,swarm_bot_5,0.5388,-1.6301,-0.0108,0.0335,0.0351
10.362,0,swarm_bot_1,1.7251,0.0026,-0.0351,-0.0001,0.0351
10.362,3,swarm_bot_4,-1.3707,-1.0094,0.0285,0.0207,0.0352
10.362,4,swarm_bot_5,0.5377,-1.6267,-0.0108,0.0334,0.0351
10.363,1,swarm_bot_2,0.5467,1.6243,-0.0109,-0.0334,0.0352
10.363,2,swarm_bot_3,-1.3662,0.9999,0.0284,-0.0206,0.0351
10.863,2,swarm_bot_3,-1.3634,0.9978,0.0283,-0.0205,0.035
10.864,0,swarm_bot_1,1.7216,0.0026,-0.0351,-0.0001,0.0351
10.864,1,swarm_bot_2,0.5456,1.621,-0.0109,-0.0333,0.0351
10.864,3,swarm_bot_4,-1.3678,-1.0074,0.0284,0.0207,0.0351
10.864,4,swarm_bot_5,0.5367,-1.6234,-0.0107,0.0333,0.035
10.965,1,swarm_bot_2,0.5445,1.6177,-0.0109,-0.0333,0.035
10.966,2,swarm_bot_3,-1.3606,0.9958,0.0283,-0.0205,0.0349
10.966,0,swarm_bot_1,1.7181,0.0026,-0.035,-0.0001,0.035
10.966,3,swarm_bot_4,-1.365,-1.0053,0.0283,0.0206,0.0351
10.967,4,swarm_bot_5,0.5356,-1.6201,-0.0107,0.0332,0.0349
11.082,0,swarm_bot_1,1.7146,0.0025,-0.0349,-0.0001,0.0349
11.082,1,swarm_bot_2,0.5434,1.6144,-0.0109,-0.0332,0.0349
11.083,2,swarm_bot_3,-1.3578,0.9937,0.0282,-0.0205,0.0348
11.083,3,swarm_bot_4,-1.3622,-1.0033,0.0283,0.0206,0.035
11.083,4,swarm_bot_5,0.5345,-1.6168,-0.0107,0.0332,0.0349
11.186,0,swarm_bot_1,1.7112,0.0025,-0.0349,-0.0001,0.0349
11.186,2,swarm_bot_3,-1.3549,0.9917,0.0281,-0.0204,0.0348
11.186,4,swarm_bot_5,0.5334,-1.6135,-0.0107,0.0331,0.0348
11.187,1,swarm_bot_2,0.5423,1.6111,-0.0108,-0.0331,0.0349
11.187,3,swarm_bot_4,-1.3593,-1.0012,0.0282,0.0205,0.0349
11.788,0,swarm_bot_1,1.7077,0.0025,-0.0348,-0.0001,0.0348
11.788,1,swarm_bot_2,0.5412,1.6077,-0.0108,-0.0331,0.0348
11.789,2,swarm_bot_3,-1.3521,0.9897,0.0281,-0.0204,0.0347
11.789,3,swarm_bot_4,-1.3565,-0.9992,0.0282,0.0205,0.0348
11.789,4,swarm_bot_5,0.5324,-1.6102,-0.0106,0.033,0.0347
11.891,0,swarm_bot_1,1.7042,0.0025,-0.0347,-0.0001,0.0347
11.891,2,swarm_bot_3,-1.3493,0.9876,0.028,-0.0203,0.0346
11.892,4,swarm_bot_5,0.5313,-1.6069,-0.0106,0.033,0.0346
11.893,1,swarm_bot_2,0.5402,1.6044,-0.0108,-0.033,0.0347
11.893,3,swarm_bot_4,-1.3537,-0.9971,0.0281,0.0205,0.0348
12.001,1,swarm_bot_2,0.5391,1.6011,-0.0108,-0.0329,0.0347
12.001,3,swarm_bot_4,-1.3509,-0.9951,0.0281,0.0204,0.0347
12.002,0,swarm_bot_1,1.7007,0.0025,-0.0346,-0.0001,0.0346
12.002,2,swarm_bot_3,-1.3465,0.9856,0.028,-0.0203,0.0346
12.002,4,swarm_bot_5,0.5303,-1.6036,-0.0106,0.0329,0.0346
12.106,1,swarm_bot_2,0.538,1.5979,-0.0108,-0.0329,0.0346
12.107,0,swarm_bot_1,1.6973,0.0025,-0.0346,-0.0001,0.0346
12.107,2,swarm_bot_3,-1.3437,0.9836,0.0279,-0.0202,0.0345
12.107,3,swarm_bot_4,-1.3481,-0.993,0.028,0.0204,0.0346
12.107,4,swarm_bot_5,0.5292,-1.6003,-0.0106,0.0328,0.0345
12.708,0,swarm_bot_1,1.6938,0.0025,-0.0345,-0.0001,0.0345
12.708,1,swarm_bot_2,0.5369,1.5946,-0.0107,-0.0328,0.0345
12.708,2,swarm_bot_3,-1.341,0.9815,0.0279,-0.0202,0.0344
12.709,3,swarm_bot_4,-1.3453,-0.991,0.0279,0.0203,0.0346
12.709,4,swarm_bot_5,0.5281,-1.597,-0.0106,0.0328,0.0344
12.808,1,swarm_bot_2,0.5359,1.5913,-0.0107,-0.0327,0.0344
12.809,0,swarm_bot_1,1.6904,0.0025,-0.0344,-0.0001,0.0344
12.809,3,swarm_bot_4,-1.3425,-0.989,0.0279,0.0203,0.0345
12.809,2,swarm_bot_3,-1.3382,0.9795,0.0278,-0.0202,0.0343
12.81,4,swarm_bot_5,0.5271,-1.5937,-0.0105,0.0327,0.0344
12.919,1,swarm_bot_2,0.5348,1.588,-0.0107,-0.0327,0.0344
12.92,3,swarm_bot_4,-1.3397,-0.9869,0.0278,0.0202,0.0344
12.921,0,swarm_bot_1,1.687,0.0025,-0.0344,-0.0001,0.0344
12.922,2,swarm_bot_3,-1.3354,0.9775,0.0277,-0.0201,0.0343
12.922,4,swarm_bot_5,0.526,-1.5905,-0.0105,0.0326,0.0343
13.028,0,swarm_bot_1,1.6835,0.0025,-0.0343,-0.0001,0.0343
13.029,1,swarm_bot_2,0.5337,1.5848,-0.0107,-0.0326,0.0343
13.029,2,swarm_bot_3,-1.3326,0.9755,0.0277,-0.0201,0.0342
13.029,3,swarm_bot_4,-1.337,-0.9849,0.0278,0.0202,0.0343
13.029,4,swarm_bot_5,0.525,-1.5872,-0.0105,0.0326,0.0342
13.63,0,swarm_bot_1,1.6801,0.0025,-0.0342,-0.0001,0.0342
13.63,2,swarm_bot_3,-1.3299,0.9735,0.0276,-0.02,0.0341
13.631,1,swarm_bot_2,0.5327,1.5815,-0.0106,-0.0325,0.0342
13.631,3,swarm_bot_4,-1.3342,-0.9829,0.0277,0.0202,0.0343
13.631,4,swarm_bot_5,0.5239,-1.584,-0.0105,0.0325,0.0342
13.732,0,swarm_bot_1,1.6767,0.0024,-0.0342,-0.0001,0.0342
13.732,1,swarm_bot_2,0.5316,1.5783,-0.0106,-0.0325,0.0342
13.732,3,swarm_bot_4,-1.3314,-0.9809,0.0277,0.0201,0.0342
13.733,2,swarm_bot_3,-1.3271,0.9715,0.0276,-0.02,0.0341
13.733,4,swarm_bot_5,0.5229,-1.5807,-0.0105,0.0324,0.0341
13.84,0,swarm_bot_1,1.6733,0.0024,-0.0341,-0.0001,0.0341
13.841,1,swarm_bot_2,0.5305,1.575,-0.0106,-0.0324,0.0341
13.841,2,swarm_bot_3,-1.3244,0.9695,0.0275,-0.02,0.034
13.842,3,swarm_bot_4,-1.3287,-0.9789,0.0276,0.0201,0.0341
13.842,4,swarm_bot_5,0.5219,-1.5775,-0.0104,0.0324,0.034
13.945,2,swarm_bot_3,-1.3216,0.9675,0.0275,-0.0199,0.0339
13.945,3,swarm_bot_4,-1.3259,-0.9769,0.0275,0.02,0.0341
13.945,0,swarm_bot_1,1.6699,0.0024,-0.034,-0.0001,0.034
13.946,1,swarm_bot_2,0.5295,1.5718,-0.0106,-0.0323,0.034
13.946,4,swarm_bot_5,0.5208,-1.5742,-0.0104,0.0323,0.0339
14.547,1,swarm_bot_2,0.5284,1.5686,-0.0106,-0.0323,0.034
14.547,3,swarm_bot_4,-1.3232,-0.9749,0.0275,0.02,0.034
14.547,4,swarm_bot_5,0.5198,-1.571,-0.0104,0.0322,0.0339
14.547,0,swarm_bot_1,1.6665,0.0024,-0.0339,-0.0001,0.0339
14.548,2,swarm_bot_3,-1.3189,0.9655,0.0274,-0.0199,0.0338
14.649,0,swarm_bot_1,1.6631,0.0024,-0.0339,-0.0001,0.0339
14.649,1,swarm_bot_2,0.5274,1.5654,-0.0105,-0.0322,0.0339
14.649,2,swarm_bot_3,-1.3161,0.9635,0.0273,-0.0198,0.0338
14.65,3,swarm_bot_4,-1.3204,-0.9729,0.0274,0.02,0.0339
14.65,4,swarm_bot_5,0.5187,-1.5678,-0.0104,0.0322,0.0338
14.76,2,swarm_bot_3,-1.3134,0.9616,0.0273,-0.0198,0.0337
14.761,0,swarm_bot_1,1.6597,0.0024,-0.0338,-0.0001,0.0338
14.762,1,swarm_bot_2,0.5263,1.5621,-0.0105,-0.0321,0.0338
14.762,3,swarm_bot_4,-1.3177,-0.9709,0.0274,0.0199,0.0339
14.762,4,swarm_bot_5,0.5177,-1.5646,-0.0103,0.0321,0.0337
14.868,1,swarm_bot_2,0.5253,1.5589,-0.0105,-0.0321,0.0337
14.868,2,swarm_bot_3,-1.3107,0.9596,0.0272,-0.0198,0.0336
14.868,0,swarm_bot_1,1.6564,0.0024,-0.0337,-0.0001,0.0337
14.869,3,swarm_bot_4,-1.3149,-0.9689,0.0273,0.0199,0.0338
14.869,4,swarm_bot_5,0.5167,-1.5614,-0.0103,0.032,0.0337
15.468,0,swarm_bot_1,1.653,0.0024,-0.0337,-0.0001,0.0337
15.469,1,swarm_bot_2,0.5242,1.5557,-0.0105,-0.032,0.0337
15.469,4,swarm_bot_5,0.5156,-1.5582,-0.0103,0.032,0.0336
15.469,2,swarm_bot_3,-1.308,0.9576,0.0272,-0.0197,0.0336
15.469,3,swarm_bot_4,-1.3122,-0.9669,0.0273,0.0198,0.0337
15.569,1,swarm_bot_2,0.5232,1.5525,-0.0105,-0.0319,0.0336
15.569,2,swarm_bot_3,-1.3053,0.9556,0.0271,-0.0197,0.0335
15.57,3,swarm_bot_4,-1.3095,-0.965,0.0272,0.0198,0.0336
15.57,0,swarm_bot_1,1.6496,0.0024,-0.0336,-0.0001,0.0336
15.57,4,swarm_bot_5,0.5146,-1.555,-0.0103,0.0319,0.0335
15.686,0,swarm_bot_1,1.6463,0.0024,-0.0335,-0.0001,0.0335
15.687,1,swarm_bot_2,0.5221,1.5494,-0.0104,-0.0319,0.0335
15.687,2,swarm_bot_3,-1.3026,0.9537,0.0271,-0.0196,0.0334
15.687,3,swarm_bot_4,-1.3068,-0.963,0.0272,0.0197,0.0336
15.688,4,swarm_bot_5,0.5136,-1.5518,-0.0103,0.0318,0.0335
15.792,1,swarm_bot_2,0.5211,1.5462,-0.0104,-0.0318,0.0335
15.793,0,swarm_bot_1,1.6429,0.0024,-0.0335,-0.0001,0.0335
15.793,2,swarm_bot_3,-1.2999,0.9517,0.027,-0.0196,0.0334
15.793,3,swarm_bot_4,-1.3041,-0.961,0.0271,0.0197,0.0335
15.793,4,swarm_bot_5,0.5126,-1.5486,-0.0102,0.0318,0.0334
16.394,3,swarm_bot_4,-1.3014,-0.959,0.027,0.0197,0.0334
16.394,4,swarm_bot_5,0.5115,-1.5455,-0.0102,0.0317,0.0333
16.395,0,swarm_bot_1,1.6396,0.0024,-0.0334,-0.0001,0.0334
16.395,1,swarm_bot_2,0.5201,1.543,-0.0104,-0.0317,0.0334
16.395,2,swarm_bot_3,-1.2972,0.9498,0.027,-0.0196,0.0333
16.495,1,swarm_bot_2,0.519,1.5398,-0.0104,-0.0317,0.0333
16.495,2,swarm_bot_3,-1.2945,0.9478,0.0269,-0.0195,0.0332
16.496,0,swarm_bot_1,1.6363,0.0023,-0.0333,-0.0001,0.0333
16.496,3,swarm_bot_4,-1.2987,-0.9571,0.027,0.0196,0.0334
16.496,4,swarm_bot_5,0.5105,-1.5423,-0.0102,0.0317,0.0333
16.61,0,swarm_bot_1,1.6329,0.0023,-0.0333,-0.0001,0.0333
16.61,2,swarm_bot_3,-1.2918,0.9459,0.0268,-0.0195,0.0332
16.611,4,swarm_bot_5,0.5095,-1.5391,-0.0102,0.0316,0.0332
16.611,1,swarm_bot_2,0.518,1.5367,-0.0103,-0.0316,0.0333
16.611,3,swarm_bot_4,-1.296,-0.9551,0.0269,0.0196,0.0333
16.719,0,swarm_bot_1,1.6296,0.0023,-0.0332,-0.0001,0.0332
16.719,4,swarm_bot_5,0.5085,-1.536,-0.0102,0.0315,0.0331
16.719,1,swarm_bot_2,0.517,1.5335,-0.0103,-0.0316,0.0332
16.72,2,swarm_bot_3,-1.2891,0.9439,0.0268,-0.0194,0.0331
16.72,3,swarm_bot_4,-1.2933,-0.9532,0.0269,0.0195,0.0332
17.221,1,swarm_bot_2,0.5159,1.5304,-0.0103,-0.0315,0.0331
17.221,2,swarm_bot_3,-1.2864,0.942,0.0267,-0.0194,0.033
17.221,3,swarm_bot_4,-1.2906,-0.9512,0.0268,0.0195,0.0332
17.222,0,swarm_bot_1,1.6263,0.0023,-0.0331,-0.0001,0.0331
17.222,4,swarm_bot_5,0.5075,-1.5328,-0.0101,0.0315,0.033
17.322,1,swarm_bot_2,0.5149,1.5272,-0.0103,-0.0314,0.0331
17.322,3,swarm_bot_4,-1.2879,-0.9493,0.0268,0.0195,0.0331
17.323,0,swarm_bot_1,1.623,0.0023,-0.033,-0.0001,0.033
17.323,2,swarm_bot_3,-1.2838,0.9401,0.0267,-0.0194,0.033
17.323,4,swarm_bot_5,0.5065,-1.5297,-0.0101,0.0314,0.033
17.431,3,swarm_bot_4,-1.2853,-0.9473,0.0267,0.0194,0.033
17.431,4,swarm_bot_5,0.5055,-1.5266,-0.0101,0.0313,0.0329
17.431,0,swarm_bot_1,1.6197,0.0023,-0.033,-0.0001,0.033
17.432,1,swarm_bot_2,0.5139,1.5241,-0.0103,-0.0314,0.033
17.433,2,swarm_bot_3,-1.2811,0.9381,0.0266,-0.0193,0.0329
17.539,0,swarm_bot_1,1.6164,0.0023,-0.0329,-0.0001,0.0329
17.54,1,swarm_bot_2,0.5128,1.521,-0.0102,-0.0313,0.0329
17.54,2,swarm_bot_3,-1.2785,0.9362,0.0266,-0.0193,0.0328
17.54,3,swarm_bot_4,-1.2826,-0.9454,0.0267,0.0194,0.033
17.541,4,swarm_bot_5,0.5044,-1.5235,-0.0101,0.0313,0.0328
18.041,1,swarm_bot_2,0.5118,1.5178,-0.0102,-0.0312,0.0329
18.042,2,swarm_bot_3,-1.2758,0.9343,0.0265,-0.0192,0.0328
18.042,0,swarm_bot_1,1.6131,0.0023,-0.0328,-0.0001,0.0328
18.042,3,swarm_bot_4,-1.2799,-0.9435,0.0266,0.0193,0.0329
18.042,4,swarm_bot_5,0.5034,-1.5203,-0.0101,0.0312,0.0328
18.143,0,swarm_bot_1,1.6098,0.0023,-0.0328,-0.0001,0.0328
18.143,3,swarm_bot_4,-1.2773,-0.9415,0.0265,0.0193,0.0328
18.143,1,swarm_bot_2,0.5108,1.5147,-0.0102,-0.0312,0.0328
18.144,2,swarm_bot_3,-1.2732,0.9324,0.0265,-0.0192,0.0327
18.144,4,swarm_bot_5,0.5024,-1.5172,-0.01,0.0311,0.0327
18.253,2,swarm_bot_3,-1.2705,0.9304,0.0264,-0.0192,0.0326
18.254,0,swarm_bot_1,1.6066,0.0023,-0.0327,-0.0001,0.0327
18.254,1,swarm_bot_2,0.5098,1.5116,-0.0102,-0.0311,0.0327
18.255,3,swarm_bot_4,-1.2746,-0.9396,0.0265,0.0193,0.0328
18.256,4,swarm_bot_5,0.5014,-1.5141,-0.01,0.0311,0.0326
18.357,1,swarm_bot_2,0.5088,1.5085,-0.0102,-0.031,0.0327
18.358,3,swarm_bot_4,-1.272,-0.9377,0.0264,0.0192,0.0327
18.358,4,swarm_bot_5,0.5004,-1.511,-0.01,0.031,0.0326
18.358,0,swarm_bot_1,1.6033,0.0023,-0.0326,-0.0001,0.0326
18.359,2,swarm_bot_3,-1.2679,0.9285,0.0264,-0.0191,0.0326
18.96,1,swarm_bot_2,0.5078,1.5054,-0.0101,-0.031,0.0326
18.96,2,swarm_bot_3,-1.2652,0.9266,0.0263,-0.0191,0.0325
18.961,4,swarm_bot_5,0.4994,-1.5079,-0.01,0.0309,0.0325
18.961,0,swarm_bot_1,1.6001,0.0023,-0.0326,-0.0001,0.0326
18.961,3,swarm_bot_4,-1.2693,-0.9358,0.0264,0.0192,0.0326
19.061,0,swarm_bot_1,1.5968,0.0022,-0.0325,-0.0001,0.0325
19.061,1,swarm_bot_2,0.5067,1.5023,-0.0101,-0.0309,0.0325
19.062,3,swarm_bot_4,-1.2667,-0.9338,0.0263,0.0192,0.0326
19.062,2,swarm_bot_3,-1.2626,0.9247,0.0262,-0.019,0.0324
19.062,4,swarm_bot_5,0.4984,-1.5048,-0.0099,0.0309,0.0324
19.172,3,swarm_bot_4,-1.2641,-0.9319,0.0263,0.0191,0.0325
19.174,0,swarm_bot_1,1.5936,0.0022,-0.0324,-0.0001,0.0324
19.175,1,swarm_bot_2,0.5057,1.4992,-0.0101,-0.0308,0.0325
19.175,2,swarm_bot_3,-1.26,0.9228,0.0262,-0.019,0.0324
19.175,4,swarm_bot_5,0.4975,-1.5017,-0.0099,0.0308,0.0324
19.277,1,swarm_bot_2,0.5047,1.4961,-0.0101,-0.0308,0.0324
19.277,0,swarm_bot_1,1.5904,0.0022,-0.0318,-0.0004,0.0318
19.277,2,swarm_bot_3,-1.2575,0.921,0.0254,-0.0184,0.0314
19.278,3,swarm_bot_4,-1.2615,-0.93,0.0262,0.0191,0.0324
19.278,4,swarm_bot_5,0.4965,-1.4987,-0.0094,0.0303,0.0317
19.878,3,swarm_bot_4,-1.2588,-0.9281,0.0262,0.019,0.0324
19.878,4,swarm_bot_5,0.4956,-1.4958,-0.0092,0.0295,0.0309
19.879,0,swarm_bot_1,1.5873,0.0021,-0.0312,-0.0006,0.0312
19.879,1,swarm_bot_2,0.5037,1.4931,-0.0102,-0.0301,0.0317
19.879,2,swarm_bot_3,-1.255,0.9192,0.0248,-0.018,0.0306
19.98,0,swarm_bot_1,1.5842,0.0021,-0.0305,-0.0005,0.0305
19.98,1,swarm_bot_2,0.5027,1.4902,-0.0098,-0.0293,0.0309
19.98,2,swarm_bot_3,-1.2526,0.9174,0.0243,-0.0176,0.03
19.981,4,swarm_bot_5,0.4947,-1.4929,-0.0091,0.0288,0.0302
19.981,3,swarm_bot_4,-1.2563,-0.9263,0.0254,0.0185,0.0314
20.089,1,swarm_bot_2,0.5018,1.4874,-0.0096,-0.0287,0.0302
20.092,0,swarm_bot_1,1.5812,0.002,-0.0299,-0.0004,0.0299
20.093,2,swarm_bot_3,-1.2502,0.9157,0.0239,-0.0173,0.0295
20.093,3,swarm_bot_4,-1.2538,-0.9245,0.0248,0.018,0.0306
20.093,4,swarm_bot_5,0.4938,-1.4901,-0.0089,0.0283,0.0296
20.197,0,swarm_bot_1,1.5783,0.002,-0.0294,-0.0004,0.0294
20.197,1,swarm_bot_2,0.5008,1.4845,-0.0094,-0.0282,0.0297
20.197,2,swarm_bot_3,-1.2478,0.914,0.0235,-0.0171,0.0291
20.197,3,swarm_bot_4,-1.2514,-0.9227,0.0243,0.0176,0.03
20.198,4,swarm_bot_5,0.4929,-1.4873,-0.0088,0.0278,0.0292
20.798,3,swarm_bot_4,-1.249,-0.921,0.0239,0.0173,0.0295
20.798,0,swarm_bot_1,1.5754,0.002,-0.029,-0.0003,0.029
20.799,1,swarm_bot_2,0.4999,1.4818,-0.0092,-0.0277,0.0292
20.799,2,swarm_bot_3,-1.2455,0.9123,0.0233,-0.0169,0.0288
20.799,4,swarm_bot_5,0.492,-1.4845,-0.0087,0.0275,0.0288
20.899,0,swarm_bot_1,1.5725,0.0019,-0.0287,-0.0003,0.0287
20.899,1,swarm_bot_2,0.499,1.479,-0.0091,-0.0274,0.0289
20.9,2,swarm_bot_3,-1.2432,0.9106,0.0231,-0.0167,0.0285
20.9,3,swarm_bot_4,-1.2467,-0.9193,0.0235,0.0171,0.0291
20.9,4,swarm_bot_5,0.4912,-1.4818,-0.0087,0.0272,0.0286
21.007,0,swarm_bot_1,1.5697,0.0019,-0.0284,-0.0002,0.0284
21.007,2,swarm_bot_3,-1.2409,0.9089,0.0229,-0.0166,0.0283
21.008,1,swarm_bot_2,0.4981,1.4763,-0.0089,-0.0271,0.0286
21.008,3,swarm_bot_4,-1.2443,-0.9176,0.0233,0.0169,0.0288
21.008,4,swarm_bot_5,0.4903,-1.4791,-0.0086,0.027,0.0283
21.116,0,swarm_bot_1,1.5668,0.0019,-0.0282,-0.0002,0.0282
21.116,2,swarm_bot_3,-1.2386,0.9073,0.0227,-0.0165,0.0281
21.116,1,swarm_bot_2,0.4972,1.4736,-0.0089,-0.0269,0.0283
21.117,3,swarm_bot_4,-1.242,-0.9159,0.023,0.0167,0.0285
21.117,4,swarm_bot_5,0.4894,-1.4764,-0.0086,0.0268,0.0281
21.716,1,swarm_bot_2,0.4964,1.4709,-0.0088,-0.0267,0.0281
21.716,3,swarm_bot_4,-1.2398,-0.9142,0.0229,0.0166,0.0283
21.716,4,swarm_bot_5,0.4886,-1.4738,-0.0085,0.0266,0.028
21.717,0,swarm_bot_1,1.564,0.0019,-0.0281,-0.0002,0.0281
21.717,2,swarm_bot_3,-1.2364,0.9057,0.0226,-0.0164,0.0279
21.818,0,swarm_bot_1,1.5612,0.0019,-0.0279,-0.0001,0.0279
21.818,2,swarm_bot_3,-1.2341,0.904,0.0225,-0.0163,0.0278
21.818,4,swarm_bot_5,0.4877,-1.4711,-0.0085,0.0265,0.0278
21.819,1,swarm_bot_2,0.4955,1.4683,-0.0087,-0.0266,0.028
21.819,3,swarm_bot_4,-1.2375,-0.9126,0.0227,0.0165,0.0281
21.928,0,swarm_bot_1,1.5585,0.0019,-0.0278,-0.0001,0.0278
21.929,1,swarm_bot_2,0.4946,1.4656,-0.0087,-0.0264,0.0278
21.929,2,swarm_bot_3,-1.2319,0.9024,0.0224,-0.0162,0.0277
21.93,3,swarm_bot_4,-1.2352,-0.9109,0.0226,0.0164,0.0279
21.93,4,swarm_bot_5,0.4869,-1.4685,-0.0085,0.0264,0.0277
22.034,1,swarm_bot_2,0.4937,1.463,-0.0086,-0.0263,0.0277
22.034,2,swarm_bot_3,-1.2296,0.9008,0.0223,-0.0162,0.0276
22.034,3,swarm_bot_4,-1.233,-0.9093,0.0225,0.0163,0.0278
22.034,0,swarm_bot_1,1.5557,0.0019,-0.0277,-0.0001,0.0277
22.035,4,swarm_bot_5,0.4861,-1.4659,-0.0084,0.0263,0.0276
22.535,1,swarm_bot_2,0.4929,1.4604,-0.0086,-0.0262,0.0276
22.535,2,swarm_bot_3,-1.2274,0.8992,0.0222,-0.0161,0.0275
22.535,4,swarm_bot_5,0.4852,-1.4632,-0.0084,0.0262,0.0275
22.536,0,swarm_bot_1,1.5529,0.0018,-0.0276,-0.0001,0.0276
22.536,3,swarm_bot_4,-1.2307,-0.9077,0.0224,0.0163,0.0277
22.638,1,swarm_bot_2,0.492,1.4578,-0.0086,-0.0261,0.0275
22.638,0,swarm_bot_1,1.5502,0.0018,-0.0275,-0.0001,0.0275
22.639,2,swarm_bot_3,-1.2252,0.8976,0.0222,-0.0161,0.0274
22.639,3,swarm_bot_4,-1.2285,-0.9061,0.0223,0.0162,0.0276
22.639,4,swarm_bot_5,0.4844,-1.4606,-0.0084,0.0261,0.0274
22.75,0,swarm_bot_1,1.5475,0.0018,-0.0274,-0.0001,0.0274
22.751,1,swarm_bot_2,0.4912,1.4552,-0.0085,-0.0261,0.0274
22.751,2,swarm_bot_3,-1.223,0.896,0.0221,-0.016,0.0273
22.752,3,swarm_bot_4,-1.2263,-0.9044,0.0222,0.0162,0.0275
22.752,4,swarm_bot_5,0.4835,-1.458,-0.0084,0.026,0.0273
22.858,0,swarm_bot_1,1.5447,0.0018,-0.0273,-0.0001,0.0273
22.858,2,swarm_bot_3,-1.2208,0.8944,0.0221,-0.016,0.0272
22.859,1,swarm_bot_2,0.4903,1.4526,-0.0085,-0.026,0.0273
22.859,3,swarm_bot_4,-1.2241,-0.9028,0.0221,0.0161,0.0274
22.859,4,swarm_bot_5,0.4827,-1.4554,-0.0083,0.0259,0.0273
23.46,1,swarm_bot_2,0.4895,1.45,-0.0085,-0.0259,0.0273
23.46,2,swarm_bot_3,-1.2186,0.8928,0.022,-0.016,0.0272
23.461,0,swarm_bot_1,1.542,0.0018,-0.0273,-0.0001,0.0273
23.461,3,swarm_bot_4,-1.2219,-0.9012,0.0221,0.0161,0.0273
23.461,4,swarm_bot_5,0.4819,-1.4529,-0.0083,0.0259,0.0272
23.562,1,swarm_bot_2,0.4886,1.4474,-0.0085,-0.0259,0.0272
23.563,3,swarm_bot_4,-1.2197,-0.8996,0.022,0.016,0.0272
23.563,0,swarm_bot_1,1.5393,0.0018,-0.0272,-0.0001,0.0272
23.563,2,swarm_bot_3,-1.2164,0.8912,0.0219,-0.0159,0.0271
23.564,4,swarm_bot_5,0.481,-1.4503,-0.0083,0.0258,0.0271
23.674,0,swarm_bot_1,1.5366,0.0018,-0.0271,-0.0001,0.0271
23.675,1,swarm_bot_2,0.4878,1.4448,-0.0084,-0.0258,0.0271
23.676,2,swarm_bot_3,-1.2142,0.8896,0.0219,-0.0159,0.0271
23.676,3,swarm_bot_4,-1.2175,-0.898,0.022,0.016,0.0272
23.676,4,swarm_bot_5,0.4802,-1.4477,-0.0083,0.0258,0.0271
23.781,1,swarm_bot_2,0.487,1.4422,-0.0084,-0.0257,0.0271
23.781,4,swarm_bot_5,0.4794,-1.4451,-0.0083,0.0257,0.027
23.781,0,swarm_bot_1,1.5339,0.0018,-0.0271,-0.0001,0.0271
23.782,2,swarm_bot_3,-1.212,0.888,0.0219,-0.0159,0.027
23.782,3,swarm_bot_4,-1.2153,-0.8964,0.0219,0.0159,0.0271
24.383,1,swarm_bot_2,0.4861,1.4397,-0.0084,-0.0257,0.027
24.383,0,swarm_bot_1,1.5312,0.0018,-0.027,-0.0001,0.027
24.384,2,swarm_bot_3,-1.2098,0.8864,0.0218,-0.0158,0.0269
24.384,3,swarm_bot_4,-1.2131,-0.8948,0.0219,0.0159,0.0271
24.384,4,swarm_bot_5,0.4786,-1.4426,-0.0083,0.0257,0.027
24.485,0,swarm_bot_1,1.5285,0.0018,-0.027,-0.0001,0.027
24.485,3,swarm_bot_4,-1.2109,-0.8933,0.0218,0.0159,0.027
24.485,1,swarm_bot_2,0.4853,1.4371,-0.0084,-0.0256,0.027
24.486,2,swarm_bot_3,-1.2077,0.8848,0.0218,-0.0158,0.0269
24.486,4,swarm_bot_5,0.4777,-1.44,-0.0082,0.0256,0.0269
24.598,0,swarm_bot_1,1.5258,0.0018,-0.0269,-0.0001,0.0269
24.599,1,swarm_bot_2,0.4844,1.4345,-0.0084,-0.0256,0.0269
24.599,2,swarm_bot_3,-1.2055,0.8833,0.0217,-0.0158,0.0268
24.6,3,swarm_bot_4,-1.2087,-0.8917,0.0218,0.0158,0.0269
24.6,4,swarm_bot_5,0.4769,-1.4374,-0.0082,0.0256,0.0269
24.707,0,swarm_bot_1,1.5231,0.0018,-0.0269,-0.0001,0.0269
24.707,1,swarm_bot_2,0.4836,1.432,-0.0084,-0.0255,0.0269
24.708,3,swarm_bot_4,-1.2065,-0.8901,0.0217,0.0158,0.0269
24.708,2,swarm_bot_3,-1.2033,0.8817,0.0217,-0.0157,0.0268
24.708,4,swarm_bot_5,0.4761,-1.4349,-0.0082,0.0255,0.0268
25.309,2,swarm_bot_3,-1.2012,0.8801,0.0216,-0.0157,0.0267
25.31,0,swarm_bot_1,1.5204,0.0017,-0.0268,-0.0001,0.0268
25.31,1,swarm_bot_2,0.4828,1.4294,-0.0083,-0.0255,0.0268
25.31,3,swarm_bot_4,-1.2044,-0.8885,0.0217,0.0158,0.0268
25.311,4,swarm_bot_5,0.4753,-1.4323,-0.0082,0.0255,0.0268
25.413,0,swarm_bot_1,1.5177,0.0017,-0.0268,-0.0001,0.0268
25.413,1,swarm_bot_2,0.4819,1.4269,-0.0083,-0.0254,0.0268
25.413,3,swarm_bot_4,-1.2022,-0.8869,0.0217,0.0158,0.0268
25.414,2,swarm_bot_3,-1.199,0.8786,0.0216,-0.0157,0.0267
25.415,4,swarm_bot_5,0.4745,-1.4298,-0.0082,0.0254,0.0267
25.572,2,swarm_bot_3,-1.1968,0.877,0.0216,-0.0156,0.0266
25.573,3,swarm_bot_4,-1.2001,-0.8854,0.0216,0.0157,0.0267
25.574,4,swarm_bot_5,0.4736,-1.4273,-0.0082,0.0254,0.0267
25.574,0,swarm_bot_1,1.5151,0.0017,-0.0267,-0.0001,0.0267
25.575,1,swarm_bot_2,0.4811,1.4244,-0.0083,-0.0254,0.0267
26.182,2,swarm_bot_3,-1.1947,0.8754,0.0215,-0.0156,0.0266
26.182,3,swarm_bot_4,-1.1979,-0.8838,0.0216,0.0157,0.0267
26.183,4,swarm_bot_5,0.4728,-1.4247,-0.0082,0.0253,0.0266
26.183,0,swarm_bot_1,1.5124,0.0017,-0.0267,-0.0001,0.0267
26.183,1,swarm_bot_2,0.4803,1.4218,-0.0083,-0.0253,0.0267
26.306,0,swarm_bot_1,1.5097,0.0017,-0.0266,-0.0001,0.0266
26.307,2,swarm_bot_3,-1.1925,0.8739,0.0215,-0.0156,0.0265
26.308,4,swarm_bot_5,0.472,-1.4222,-0.0081,0.0253,0.0266
26.308,1,swarm_bot_2,0.4794,1.4193,-0.0083,-0.0253,0.0266
26.308,3,swarm_bot_4,-1.1957,-0.8822,0.0215,0.0157,0.0266
26.419,0,swarm_bot_1,1.5071,0.0017,-0.0266,-0.0001,0.0266
26.419,1,swarm_bot_2,0.4786,1.4168,-0.0083,-0.0253,0.0266
26.42,2,swarm_bot_3,-1.1904,0.8723,0.0214,-0.0156,0.0265
26.42,3,swarm_bot_4,-1.1936,-0.8807,0.0215,0.0156,0.0266
26.42,4,swarm_bot_5,0.4712,-1.4197,-0.0081,0.0252,0.0265
27.02,0,swarm_bot_1,1.5044,0.0017,-0.0265,-0.0001,0.0265
27.021,3,swarm_bot_4,-1.1914,-0.8791,0.0215,0.0156,0.0265
27.021,1,swarm_bot_2,0.4778,1.4143,-0.0082,-0.0252,0.0265
27.022,2,swarm_bot_3,-1.1883,0.8708,0.0214,-0.0155,0.0264
27.022,4,swarm_bot_5,0.4704,-1.4172,-0.0081,0.0252,0.0265
27.123,0,swarm_bot_1,1.5018,0.0017,-0.0265,-0.0001,0.0265
27.123,1,swarm_bot_2,0.477,1.4117,-0.0082,-0.0252,0.0265
27.123,2,swarm_bot_3,-1.1861,0.8692,0.0214,-0.0155,0.0264
27.124,3,swarm_bot_4,-1.1893,-0.8775,0.0214,0.0156,0.0265
27.124,4,swarm_bot_5,0.4696,-1.4146,-0.0081,0.0251,0.0264
27.237,1,swarm_bot_2,0.4762,1.4092,-0.0082,-0.0251,0.0264
27.238,2,swarm_bot_3,-1.184,0.8677,0.0213,-0.0155,0.0264
27.239,3,swarm_bot_4,-1.1872,-0.876,0.0214,0.0156,0.0264
27.239,4,swarm_bot_5,0.4688,-1.4121,-0.0081,0.0251,0.0264
27.24,0,swarm_bot_1,1.4991,0.0017,-0.0264,-0.0001,0.0264
27.348,0,swarm_bot_1,1.4965,0.0017,-0.0264,-0.0001,0.0264
27.348,1,swarm_bot_2,0.4753,1.4067,-0.0082,-0.0251,0.0264
27.348,2,swarm_bot_3,-1.1819,0.8661,0.0213,-0.0154,0.0263
27.349,3,swarm_bot_4,-1.185,-0.8744,0.0213,0.0155,0.0264
27.349,4,swarm_bot_5,0.468,-1.4096,-0.0081,0.0251,0.0263
27.95,0,swarm_bot_1,1.4939,0.0017,-0.0263,-0.0001,0.0263
27.95,1,swarm_bot_2,0.4745,1.4042,-0.0082,-0.025,0.0263
27.95,2,swarm_bot_3,-1.1797,0.8646,0.0213,-0.0154,0.0263
27.95,3,swarm_bot_4,-1.1829,-0.8729,0.0213,0.0155,0.0264
27.951,4,swarm_bot_5,0.4672,-1.4071,-0.0081,0.025,0.0263
28.052,0,swarm_bot_1,1.4912,0.0017,-0.0263,-0.0001,0.0263
28.052,1,swarm_bot_2,0.4737,1.4017,-0.0082,-0.025,0.0263
28.052,2,swarm_bot_3,-1.1776,0.863,0.0212,-0.0154,0.0262
28.052,3,swarm_bot_4,-1.1808,-0.8713,0.0213,0.0155,0.0263
28.053,4,swarm_bot_5,0.4663,-1.4046,-0.008,0.025,0.0262
28.177,0,swarm_bot_1,1.4886,0.0017,-0.0262,-0.0001,0.0262
28.177,1,swarm_bot_2,0.4729,1.3992,-0.0082,-0.0249,0.0262
28.177,2,swarm_bot_3,-1.1755,0.8615,0.0212,-0.0154,0.0262
28.178,3,swarm_bot_4,-1.1786,-0.8698,0.0212,0.0154,0.0263
28.178,4,swarm_bot_5,0.4655,-1.4021,-0.008,0.0249,0.0262
28.284,0,swarm_bot_1,1.486,0.0017,-0.0262,-0.0001,0.0262
28.284,1,swarm_bot_2,0.4721,1.3967,-0.0081,-0.0249,0.0262
28.284,2,swarm_bot_3,-1.1734,0.86,0.0211,-0.0153,0.0261
28.285,3,swarm_bot_4,-1.1765,-0.8683,0.0212,0.0154,0.0262
28.285,4,swarm_bot_5,0.4647,-1.3997,-0.008,0.0249,0.0261
28.885,1,swarm_bot_2,0.4713,1.3942,-0.0081,-0.0248,0.0261
28.886,0,swarm_bot_1,1.4834,0.0017,-0.0261,-0.0001,0.0261
28.886,2,swarm_bot_3,-1.1713,0.8584,0.0211,-0.0153,0.0261
28.886,3,swarm_bot_4,-1.1744,-0.8667,0.0212,0.0154,0.0262
28.887,4,swarm_bot_5,0.4639,-1.3972,-0.008,0.0248,0.0261
28.987,1,swarm_bot_2,0.4704,1.3918,-0.0081,-0.0248,0.0261
28.987,2,swarm_bot_3,-1.1692,0.8569,0.0211,-0.0153,0.026
28.988,0,swarm_bot_1,1.4808,0.0017,-0.0261,-0.0001,0.0261
28.989,3,swarm_bot_4,-1.1723,-0.8652,0.0211,0.0154,0.0261
28.989,4,swarm_bot_5,0.4631,-1.3947,-0.008,0.0248,0.026
29.097,0,swarm_bot_1,1.4782,0.0016,-0.026,-0.0001,0.026
29.098,2,swarm_bot_3,-1.1671,0.8554,0.021,-0.0153,0.026
29.098,4,swarm_bot_5,0.4624,-1.3922,-0.008,0.0247,0.026
29.098,1,swarm_bot_2,0.4696,1.3893,-0.0081,-0.0248,0.026
29.099,3,swarm_bot_4,-1.1702,-0.8636,0.0211,0.0153,0.0261
29.205,0,swarm_bot_1,1.4756,0.0016,-0.026,-0.0001,0.026
29.206,1,swarm_bot_2,0.4688,1.3868,-0.0081,-0.0247,0.026
29.206,2,swarm_bot_3,-1.165,0.8539,0.021,-0.0152,0.0259
29.206,3,swarm_bot_4,-1.1681,-0.8621,0.021,0.0153,0.026
29.207,4,swarm_bot_5,0.4616,-1.3898,-0.008,0.0247,0.0259
29.807,0,swarm_bot_1,1.473,0.0016,-0.026,-0.0001,0.026
29.808,1,swarm_bot_2,0.468,1.3844,-0.0081,-0.0247,0.026
29.808,2,swarm_bot_3,-1.1629,0.8523,0.021,-0.0152,0.0259
29.808,3,swarm_bot_4,-1.166,-0.8606,0.021,0.0153,0.026
29.808,4,swarm_bot_5,0.4608,-1.3873,-0.0079,0.0247,0.0259
29.91,0,swarm_bot_1,1.4704,0.0016,-0.0259,-0.0001,0.0259
29.91,2,swarm_bot_3,-1.1608,0.8508,0.0209,-0.0152,0.0258
29.911,3,swarm_bot_4,-1.1639,-0.8591,0.021,0.0153,0.0259
29.911,4,swarm_bot_5,0.46,-1.3848,-0.0079,0.0246,0.0259
29.912,1,swarm_bot_2,0.4672,1.3819,-0.0081,-0.0246,0.0259
30.045,0,swarm_bot_1,1.4678,0.0016,-0.0259,-0.0001,0.0259
30.046,1,swarm_bot_2,0.4664,1.3794,-0.008,-0.0246,0.0259
30.047,2,swarm_bot_3,-1.1587,0.8493,0.0209,-0.0151,0.0258
30.047,4,swarm_bot_5,0.4592,-1.3824,-0.0079,0.0246,0.0258
30.048,3,swarm_bot_4,-1.1618,-0.8575,0.0209,0.0152,0.0259
30.158,2,swarm_bot_3,-1.1566,0.8478,0.0208,-0.0151,0.0257
30.158,3,swarm_bot_4,-1.1597,-0.856,0.0209,0.0152,0.0258
30.159,0,swarm_bot_1,1.4652,0.0016,-0.0258,-0.0001,0.0258
30.159,1,swarm_bot_2,0.4656,1.377,-0.008,-0.0245,0.0258
30.16,4,swarm_bot_5,0.4584,-1.3799,-0.0079,0.0245,0.0258
30.76,0,swarm_bot_1,1.4626,0.0016,-0.0258,-0.0001,0.0258
30.76,1,swarm_bot_2,0.4648,1.3745,-0.008,-0.0245,0.0258
30.76,2,swarm_bot_3,-1.1545,0.8463,0.0208,-0.0151,0.0257
30.76,3,swarm_bot_4,-1.1576,-0.8545,0.0209,0.0152,0.0258
30.761,4,swarm_bot_5,0.4576,-1.3775,-0.0079,0.0245,0.0257
30.861,3,swarm_bot_4,-1.1555,-0.853,0.0208,0.0151,0.0257
30.861,4,swarm_bot_5,0.4568,-1.375,-0.0079,0.0244,0.0257
30.862,0,swarm_bot_1,1.4601,0.0016,-0.0257,-0.0001,0.0257
30.862,1,swarm_bot_2,0.464,1.3721,-0.008,-0.0245,0.0257
30.862,2,swarm_bot_3,-1.1524,0.8448,0.0208,-0.0151,0.0257
30.973,1,swarm_bot_2,0.4632,1.3696,-0.008,-0.0244,0.0257
30.973,3,swarm_bot_4,-1.1535,-0.8515,0.0208,0.0151,0.0257
30.975,4,swarm_bot_5,0.456,-1.3726,-0.0079,0.0244,0.0256
30.976,0,swarm_bot_1,1.4575,0.0016,-0.0257,-0.0001,0.0257
30.976,2,swarm_bot_3,-1.1504,0.8433,0.0207,-0.015,0.0256
31.085,0,swarm_bot_1,1.4549,0.0016,-0.0256,-0.0001,0.0256
31.085,3,swarm_bot_4,-1.1514,-0.85,0.0207,0.0151,0.0257
31.086,1,swarm_bot_2,0.4624,1.3672,-0.008,-0.0244,0.0256
31.086,2,swarm_bot_3,-1.1483,0.8418,0.0207,-0.015,0.0256
31.086,4,swarm_bot_5,0.4552,-1.3702,-0.0078,0.0243,0.0256
31.686,0,swarm_bot_1,1.4524,0.0016,-0.0256,-0.0001,0.0256
31.686,4,swarm_bot_5,0.4545,-1.3677,-0.0078,0.0243,0.0255
31.687,1,swarm_bot_2,0.4616,1.3648,-0.008,-0.0243,0.0256
31.687,2,swarm_bot_3,-1.1462,0.8403,0.0207,-0.015,0.0255
31.687,3,swarm_bot_4,-1.1493,-0.8485,0.0207,0.0151,0.0256
31.789,0,swarm_bot_1,1.4498,0.0016,-0.0255,-0.0001,0.0255
31.789,1,swarm_bot_2,0.4608,1.3623,-0.0079,-0.0243,0.0255
31.789,2,swarm_bot_3,-1.1442,0.8388,0.0206,-0.015,0.0255
31.79,3,swarm_bot_4,-1.1472,-0.847,0.0207,0.015,0.0256
31.79,4,swarm_bot_5,0.4537,-1.3653,-0.0078,0.0243,0.0255
31.901,0,swarm_bot_1,1.4473,0.0016,-0.0255,-0.0001,0.0255
31.902,2,swarm_bot_3,-1.1421,0.8373,0.0206,-0.0149,0.0254
31.902,3,swarm_bot_4,-1.1452,-0.8455,0.0206,0.015,0.0255
31.904,1,swarm_bot_2,0.46,1.3599,-0.0079,-0.0242,0.0255
31.905,4,swarm_bot_5,0.4529,-1.3629,-0.0078,0.0242,0.0254
32.009,1,swarm_bot_2,0.4592,1.3575,-0.0079,-0.0242,0.0255
32.009,2,swarm_bot_3,-1.1401,0.8358,0.0205,-0.0149,0.0254
32.009,3,swarm_bot_4,-1.1431,-0.844,0.0206,0.015,0.0255
32.01,0,swarm_bot_1,1.4447,0.0016,-0.0255,-0.0001,0.0255
32.01,4,swarm_bot_5,0.4521,-1.3605,-0.0078,0.0242,0.0254
32.609,0,swarm_bot_1,1.4422,0.0016,-0.0254,-0.0001,0.0254
32.61,1,swarm_bot_2,0.4584,1.3551,-0.0079,-0.0241,0.0254
32.61,2,swarm_bot_3,-1.138,0.8343,0.0205,-0.0149,0.0253
32.61,3,swarm_bot_4,-1.1411,-0.8425,0.0206,0.015,0.0254
32.61,4,swarm_bot_5,0.4513,-1.358,-0.0078,0.0241,0.0254
32.711,0,swarm_bot_1,1.4397,0.0016,-0.0254,-0.0001,0.0254
32.711,1,swarm_bot_2,0.4577,1.3527,-0.0079,-0.0241,0.0254
32.711,2,swarm_bot_3,-1.136,0.8328,0.0205,-0.0149,0.0253
32.712,3,swarm_bot_4,-1.139,-0.841,0.0205,0.0149,0.0254
32.712,4,swarm_bot_5,0.4506,-1.3556,-0.0078,0.0241,0.0253
32.817,0,swarm_bot_1,1.4371,0.0015,-0.0253,-0.0001,0.0253
32.818,1,swarm_bot_2,0.4569,1.3503,-0.0079,-0.0241,0.0253
32.818,2,swarm_bot_3,-1.1339,0.8313,0.0204,-0.0148,0.0253
32.818,3,swarm_bot_4,-1.137,-0.8395,0.0205,0.0149,0.0253
32.818,4,swarm_bot_5,0.4498,-1.3532,-0.0077,0.024,0.0253
32.922,1,swarm_bot_2,0.4561,1.3479,-0.0079,-0.024,0.0253
32.923,0,swarm_bot_1,1.4346,0.0015,-0.0253,-0.0001,0.0253
32.923,2,swarm_bot_3,-1.1319,0.8299,0.0204,-0.0148,0.0252
32.923,3,swarm_bot_4,-1.1349,-0.838,0.0205,0.0149,0.0253
32.923,4,swarm_bot_5,0.449,-1.3508,-0.0077,0.024,0.0252
33.523,4,swarm_bot_5,0.4482,-1.3484,-0.0077,0.024,0.0252
33.523,0,swarm_bot_1,1.4321,0.0015,-0.0252,-0.0001,0.0252
33.524,1,swarm_bot_2,0.4553,1.3455,-0.0078,-0.024,0.0252
33.524,2,swarm_bot_3,-1.1298,0.8284,0.0204,-0.0148,0.0252
33.524,3,swarm_bot_4,-1.1329,-0.8365,0.0204,0.0149,0.0252
33.624,2,swarm_bot_3,-1.1278,0.8269,0.0203,-0.0147,0.0251
33.625,3,swarm_bot_4,-1.1308,-0.835,0.0204,0.0148,0.0252
33.625,4,swarm_bot_5,0.4475,-1.346,-0.0077,0.0239,0.0251
33.625,0,swarm_bot_1,1.4296,0.0015,-0.0252,-0.0001,0.0252
33.626,1,swarm_bot_2,0.4545,1.3431,-0.0078,-0.0239,0.0252
33.735,0,swarm_bot_1,1.427,0.0015,-0.0251,-0.0001,0.0251
33.736,1,swarm_bot_2,0.4537,1.3407,-0.0078,-0.0239,0.0251
33.736,2,swarm_bot_3,-1.1258,0.8254,0.0203,-0.0147,0.0251
33.737,3,swarm_bot_4,-1.1288,-0.8335,0.0203,0.0148,0.0252
33.737,4,swarm_bot_5,0.4467,-1.3437,-0.0077,0.0239,0.0251
33.842,0,swarm_bot_1,1.4245,0.0015,-0.0251,-0.0001,0.0251
33.842,1,swarm_bot_2,0.453,1.3383,-0.0078,-0.0239,0.0251
33.843,2,swarm_bot_3,-1.1237,0.824,0.0203,-0.0147,0.025
33.843,3,swarm_bot_4,-1.1268,-0.8321,0.0203,0.0148,0.0251
33.843,4,swarm_bot_5,0.4459,-1.3413,-0.0077,0.0238,0.025
34.444,1,swarm_bot_2,0.4522,1.3359,-0.0078,-0.0238,0.025
34.444,3,swarm_bot_4,-1.1247,-0.8306,0.0203,0.0147,0.0251
34.445,0,swarm_bot_1,1.422,0.0015,-0.025,-0.0001,0.025
34.445,2,swarm_bot_3,-1.1217,0.8225,0.0202,-0.0147,0.025
34.445,4,swarm_bot_5,0.4452,-1.3389,-0.0077,0.0238,0.025
34.546,0,swarm_bot_1,1.4195,0.0015,-0.025,-0.0001,0.025
34.547,1,swarm_bot_2,0.4514,1.3335,-0.0078,-0.0238,0.025
34.547,4,swarm_bot_5,0.4444,-1.3365,-0.0076,0.0238,0.025
34.547,2,swarm_bot_3,-1.1197,0.821,0.0202,-0.0146,0.0249
34.548,3,swarm_bot_4,-1.1227,-0.8291,0.0202,0.0147,0.025
34.663,0,swarm_bot_1,1.417,0.0015,-0.025,-0.0001,0.025
34.664,1,swarm_bot_2,0.4506,1.3312,-0.0078,-0.0237,0.025
34.665,2,swarm_bot_3,-1.1177,0.8196,0.0201,-0.0146,0.0249
34.665,3,swarm_bot_4,-1.1207,-0.8276,0.0202,0.0147,0.025
34.666,4,swarm_bot_5,0.4436,-1.3341,-0.0076,0.0237,0.0249
34.771,2,swarm_bot_3,-1.1157,0.8181,0.0201,-0.0146,0.0249
34.772,0,swarm_bot_1,1.4145,0.0015,-0.0249,-0.0001,0.0249
34.772,1,swarm_bot_2,0.4499,1.3288,-0.0077,-0.0237,0.0249
34.772,3,swarm_bot_4,-1.1187,-0.8262,0.0202,0.0147,0.0249
34.772,4,swarm_bot_5,0.4429,-1.3318,-0.0076,0.0237,0.0249
35.371,0,swarm_bot_1,1.4121,0.0015,-0.0249,-0.0001,0.0249
35.372,1,swarm_bot_2,0.4491,1.3264,-0.0077,-0.0236,0.0249
35.372,3,swarm_bot_4,-1.1167,-0.8247,0.0201,0.0146,0.0249
35.372,4,swarm_bot_5,0.4421,-1.3294,-0.0076,0.0236,0.0248
35.373,2,swarm_bot_3,-1.1137,0.8166,0.0201,-0.0146,0.0248
35.472,0,swarm_bot_1,1.4096,0.0015,-0.0248,-0.0001,0.0248
35.472,1,swarm_bot_2,0.4483,1.3241,-0.0077,-0.0236,0.0248
35.473,2,swarm_bot_3,-1.1117,0.8152,0.02,-0.0145,0.0248
35.473,3,swarm_bot_4,-1.1147,-0.8233,0.0201,0.0146,0.0248
35.474,4,swarm_bot_5,0.4414,-1.3271,-0.0076,0.0236,0.0248
35.582,0,swarm_bot_1,1.4071,0.0015,-0.0248,-0.0001,0.0248
35.583,4,swarm_bot_5,0.4406,-1.3247,-0.0076,0.0235,0.0247
35.584,1,swarm_bot_2,0.4475,1.3217,-0.0077,-0.0236,0.0248
35.584,2,swarm_bot_3,-1.1097,0.8137,0.02,-0.0145,0.0247
35.584,3,swarm_bot_4,-1.1126,-0.8218,0.0201,0.0146,0.0248
35.689,0,swarm_bot_1,1.4046,0.0015,-0.0247,-0.0001,0.0247
35.689,1,swarm_bot_2,0.4468,1.3194,-0.0077,-0.0235,0.0247
35.69,2,swarm_bot_3,-1.1077,0.8123,0.02,-0.0145,0.0247
35.69,3,swarm_bot_4,-1.1106,-0.8203,0.02,0.0146,0.0248
35.69,4,swarm_bot_5,0.4398,-1.3224,-0.0076,0.0235,0.0247
36.291,3,swarm_bot_4,-1.1086,-0.8189,0.02,0.0145,0.0247
36.291,0,swarm_bot_1,1.4021,0.0015,-0.0247,-0.0001,0.0247
36.292,1,swarm_bot_2,0.446,1.317,-0.0077,-0.0235,0.0247
36.292,2,swarm_bot_3,-1.1057,0.8108,0.0199,-0.0145,0.0246
36.292,4,swarm_bot_5,0.4391,-1.32,-0.0076,0.0235,0.0246
36.392,1,swarm_bot_2,0.4452,1.3147,-0.0077,-0.0234,0.0247
36.392,4,swarm_bot_5,0.4383,-1.3177,-0.0075,0.0234,0.0246
36.393,0,swarm_bot_1,1.3997,0.0015,-0.0246,-0.0001,0.0246
36.393,2,swarm_bot_3,-1.1037,0.8094,0.0199,-0.0144,0.0246
36.393,3,swarm_bot_4,-1.1067,-0.8174,0.02,0.0145,0.0247
36.503,1,swarm_bot_2,0.4445,1.3123,-0.0077,-0.0234,0.0246
36.504,3,swarm_bot_4,-1.1047,-0.816,0.0199,0.0145,0.0246
36.505,2,swarm_bot_3,-1.1017,0.808,0.0199,-0.0144,0.0245
36.506,0,swarm_bot_1,1.3972,0.0014,-0.0246,-0.0001,0.0246
36.507,4,swarm_bot_5,0.4376,-1.3153,-0.0075,0.0234,0.0246
36.616,0,swarm_bot_1,1.3948,0.0014,-0.0246,-0.0001,0.0246
36.616,1,swarm_bot_2,0.4437,1.31,-0.0076,-0.0233,0.0246
36.616,2,swarm_bot_3,-1.0997,0.8065,0.0198,-0.0144,0.0245
36.617,3,swarm_bot_4,-1.1027,-0.8145,0.0199,0.0145,0.0246
36.617,4,swarm_bot_5,0.4368,-1.313,-0.0075,0.0233,0.0245
37.218,0,swarm_bot_1,1.3923,0.0014,-0.0245,-0.0001,0.0245
37.218,1,swarm_bot_2,0.4429,1.3077,-0.0076,-0.0233,0.0245
37.218,3,swarm_bot_4,-1.1007,-0.8131,0.0198,0.0144,0.0245
37.219,2,swarm_bot_3,-1.0977,0.8051,0.0198,-0.0144,0.0245
37.219,4,swarm_bot_5,0.4361,-1.3107,-0.0075,0.0233,0.0245
37.319,0,swarm_bot_1,1.3899,0.0014,-0.0245,-0.0001,0.0245
37.32,3,swarm_bot_4,-1.0987,-0.8117,0.0198,0.0144,0.0245
37.32,4,swarm_bot_5,0.4353,-1.3083,-0.0075,0.0232,0.0244
37.32,1,swarm_bot_2,0.4422,1.3054,-0.0076,-0.0233,0.0245
37.32,2,swarm_bot_3,-1.0958,0.8037,0.0198,-0.0143,0.0244
37.428,4,swarm_bot_5,0.4346,-1.306,-0.0075,0.0232,0.0244
37.429,0,swarm_bot_1,1.3874,0.0014,-0.0244,-0.0001,0.0244
37.43,1,swarm_bot_2,0.4414,1.303,-0.0076,-0.0232,0.0244
37.431,2,swarm_bot_3,-1.0938,0.8022,0.0197,-0.0143,0.0244
37.431,3,swarm_bot_4,-1.0967,-0.8102,0.0198,0.0144,0.0245
37.537,0,swarm_bot_1,1.385,0.0014,-0.0244,-0.0001,0.0244
37.537,1,swarm_bot_2,0.4407,1.3007,-0.0076,-0.0232,0.0244
37.537,2,swarm_bot_3,-1.0918,0.8008,0.0197,-0.0143,0.0243
37.537,3,swarm_bot_4,-1.0948,-0.8088,0.0197,0.0144,0.0244
37.538,4,swarm_bot_5,0.4338,-1.3037,-0.0075,0.0232,0.0243
38.138,2,swarm_bot_3,-1.0899,0.7994,0.0197,-0.0143,0.0243
38.138,3,swarm_bot_4,-1.0928,-0.8073,0.0197,0.0143,0.0244
38.139,0,swarm_bot_1,1.3826,0.0014,-0.0243,-0.0001,0.0243
38.139,1,swarm_bot_2,0.4399,1.2984,-0.0076,-0.0231,0.0243
38.139,4,swarm_bot_5,0.4331,-1.3014,-0.0074,0.0231,0.0243
38.239,0,swarm_bot_1,1.3801,0.0014,-0.0243,-0.0001,0.0243
38.239,1,swarm_bot_2,0.4391,1.2961,-0.0076,-0.0231,0.0243
38.239,2,swarm_bot_3,-1.0879,0.7979,0.0196,-0.0142,0.0242
38.24,3,swarm_bot_4,-1.0908,-0.8059,0.0197,0.0143,0.0243
38.24,4,swarm_bot_5,0.4324,-1.2991,-0.0074,0.0231,0.0243
38.347,0,swarm_bot_1,1.3777,0.0014,-0.0243,-0.0001,0.0243
38.348,1,swarm_bot_2,0.4384,1.2938,-0.0075,-0.0231,0.0243
38.349,3,swarm_bot_4,-1.0889,-0.8045,0.0196,0.0143,0.0243
38.349,4,swarm_bot_5,0.4316,-1.2968,-0.0074,0.023,0.0242
38.352,2,swarm_bot_3,-1.0859,0.7965,0.0196,-0.0142,0.0242
38.456,0,swarm_bot_1,1.3753,0.0014,-0.0242,-0.0001,0.0242
38.456,2,swarm_bot_3,-1.084,0.7951,0.0195,-0.0142,0.0242
38.457,1,swarm_bot_2,0.4376,1.2915,-0.0075,-0.023,0.0242
38.457,3,swarm_bot_4,-1.0869,-0.8031,0.0196,0.0143,0.0242
38.457,4,swarm_bot_5,0.4309,-1.2945,-0.0074,0.023,0.0242
38.958,0,swarm_bot_1,1.3729,0.0014,-0.0242,-0.0001,0.0242
38.958,2,swarm_bot_3,-1.082,0.7937,0.0195,-0.0142,0.0241
38.958,4,swarm_bot_5,0.4301,-1.2922,-0.0074,0.023,0.0241
38.959,1,swarm_bot_2,0.4369,1.2892,-0.0075,-0.023,0.0242
38.959,3,swarm_bot_4,-1.0849,-0.8016,0.0196,0.0142,0.0242
39.06,1,swarm_bot_2,0.4361,1.2869,-0.0075,-0.0229,0.0241
39.06,3,swarm_bot_4,-1.083,-0.8002,0.0195,0.0142,0.0242
39.06,0,swarm_bot_1,1.3704,0.0014,-0.0241,-0.0001,0.0241
39.061,2,swarm_bot_3,-1.0801,0.7923,0.0195,-0.0141,0.0241
39.061,4,swarm_bot_5,0.4294,-1.2899,-0.0074,0.0229,0.0241
39.17,0,swarm_bot_1,1.368,0.0014,-0.0241,-0.0001,0.0241
39.171,1,swarm_bot_2,0.4354,1.2846,-0.0075,-0.0229,0.0241
39.171,2,swarm_bot_3,-1.0781,0.7909,0.0194,-0.0141,0.024
39.172,4,swarm_bot_5,0.4287,-1.2876,-0.0074,0.0229,0.024
39.172,3,swarm_bot_4,-1.081,-0.7988,0.0195,0.0142,0.0241
39.275,0,swarm_bot_1,1.3656,0.0014,-0.024,-0.0001,0.024
39.275,4,swarm_bot_5,0.4279,-1.2853,-0.0074,0.0228,0.024
39.275,1,swarm_bot_2,0.4346,1.2823,-0.0075,-0.0229,0.024
39.276,2,swarm_bot_3,-1.0762,0.7895,0.0194,-0.0141,0.024
39.276,3,swarm_bot_4,-1.0791,-0.7974,0.0195,0.0142,0.0241
39.875,2,swarm_bot_3,-1.0743,0.7881,0.0194,-0.0141,0.0239
39.875,3,swarm_bot_4,-1.0771,-0.796,0.0194,0.0141,0.024
39.875,4,swarm_bot_5,0.4272,-1.283,-0.0073,0.0228,0.024
39.876,0,swarm_bot_1,1.3632,0.0014,-0.024,-0.0001,0.024
39.876,1,swarm_bot_2,0.4339,1.28,-0.0075,-0.0228,0.024
39.977,0,swarm_bot_1,1.3608,0.0014,-0.024,-0.0001,0.024
39.977,1,swarm_bot_2,0.4332,1.2778,-0.0074,-0.0228,0.024
39.977,2,swarm_bot_3,-1.0723,0.7866,0.0193,-0.014,0.0239
39.978,3,swarm_bot_4,-1.0752,-0.7946,0.0194,0.0141,0.024
39.978,4,swarm_bot_5,0.4265,-1.2808,-0.0073,0.0228,0.0239
40.1,2,swarm_bot_3,-1.0704,0.7852,0.0193,-0.014,0.0239
40.101,0,swarm_bot_1,1.3584,0.0014,-0.0239,-0.0001,0.0239
40.102,1,swarm_bot_2,0.4324,1.2755,-0.0074,-0.0227,0.0239
40.102,3,swarm_bot_4,-1.0733,-0.7932,0.0194,0.0141,0.0239
40.103,4,swarm_bot_5,0.4257,-1.2785,-0.0073,0.0227,0.0239
40.205,2,swarm_bot_3,-1.0685,0.7839,0.0193,-0.014,0.0238
40.205,0,swarm_bot_1,1.3561,0.0013,-0.0239,-0.0001,0.0239
40.206,1,swarm_bot_2,0.4317,1.2732,-0.0074,-0.0227,0.0239
40.206,3,swarm_bot_4,-1.0713,-0.7917,0.0193,0.0141,0.0239
40.206,4,swarm_bot_5,0.425,-1.2762,-0.0073,0.0227,0.0238
40.807,0,swarm_bot_1,1.3537,0.0013,-0.0238,-0.0001,0.0238
40.807,1,swarm_bot_2,0.4309,1.271,-0.0074,-0.0227,0.0238
40.808,2,swarm_bot_3,-1.0665,0.7825,0.0192,-0.014,0.0238
40.808,3,swarm_bot_4,-1.0694,-0.7903,0.0193,0.014,0.0239
40.808,4,swarm_bot_5,0.4243,-1.274,-0.0073,0.0226,0.0238
40.908,4,swarm_bot_5,0.4235,-1.2717,-0.0073,0.0226,0.0237
40.909,0,swarm_bot_1,1.3513,0.0013,-0.0238,-0.0001,0.0238
40.909,1,swarm_bot_2,0.4302,1.2687,-0.0074,-0.0226,0.0238
40.909,2,swarm_bot_3,-1.0646,0.7811,0.0192,-0.0139,0.0237
40.91,3,swarm_bot_4,-1.0675,-0.7889,0.0193,0.014,0.0238
41.022,0,swarm_bot_1,1.3489,0.0013,-0.0237,-0.0001,0.0237
41.023,1,swarm_bot_2,0.4294,1.2664,-0.0074,-0.0226,0.0237
41.023,2,swarm_bot_3,-1.0627,0.7797,0.0192,-0.0139,0.0237
41.023,3,swarm_bot_4,-1.0656,-0.7875,0.0192,0.014,0.0238
41.024,4,swarm_bot_5,0.4228,-1.2694,-0.0073,0.0226,0.0237
41.125,2,swarm_bot_3,-1.0608,0.7783,0.0191,-0.0139,0.0236
41.125,3,swarm_bot_4,-1.0636,-0.7861,0.0192,0.014,0.0237
41.126,0,swarm_bot_1,1.3465,0.0013,-0.0237,-0.0001,0.0237
41.126,1,swarm_bot_2,0.4287,1.2642,-0.0074,-0.0225,0.0237
41.126,4,swarm_bot_5,0.4221,-1.2672,-0.0073,0.0225,0.0237
41.727,3,swarm_bot_4,-1.0617,-0.7848,0.0192,0.0139,0.0237
41.727,0,swarm_bot_1,1.3442,0.0013,-0.0237,-0.0001,0.0237
41.727,1,swarm_bot_2,0.428,1.2619,-0.0074,-0.0225,0.0237
41.727,2,swarm_bot_3,-1.0589,0.7769,0.0191,-0.0139,0.0236
41.728,4,swarm_bot_5,0.4214,-1.2649,-0.0072,0.0225,0.0236
41.828,0,swarm_bot_1,1.3418,0.0013,-0.0236,-0.0001,0.0236
41.828,1,swarm_bot_2,0.4272,1.2597,-0.0073,-0.0225,0.0236
41.829,2,swarm_bot_3,-1.057,0.7755,0.0191,-0.0138,0.0236
41.829,3,swarm_bot_4,-1.0598,-0.7834,0.0191,0.0139,0.0236
41.829,4,swarm_bot_5,0.4206,-1.2627,-0.0072,0.0224,0.0236
41.943,0,swarm_bot_1,1.3395,0.0013,-0.0236,-0.0001,0.0236
41.943,1,swarm_bot_2,0.4265,1.2574,-0.0073,-0.0224,0.0236
41.943,2,swarm_bot_3,-1.0551,0.7741,0.019,-0.0138,0.0235
41.944,4,swarm_bot_5,0.4199,-1.2605,-0.0072,0.0224,0.0235
41.945,3,swarm_bot_4,-1.0579,-0.782,0.0191,0.0139,0.0236
42.049,0,swarm_bot_1,1.3371,0.0013,-0.0235,-0.0001,0.0235
42.049,2,swarm_bot_3,-1.0532,0.7728,0.019,-0.0138,0.0235
42.05,3,swarm_bot_4,-1.056,-0.7806,0.0191,0.0139,0.0236
42.05,1,swarm_bot_2,0.4258,1.2552,-0.0073,-0.0224,0.0235
42.05,4,swarm_bot_5,0.4192,-1.2582,-0.0072,0.0224,0.0235
42.651,0,swarm_bot_1,1.3348,0.0013,-0.0235,-0.0001,0.0235
42.651,1,swarm_bot_2,0.425,1.253,-0.0073,-0.0223,0.0235
42.651,4,swarm_bot_5,0.4185,-1.256,-0.0072,0.0223,0.0234
42.651,2,swarm_bot_3,-1.0513,0.7714,0.019,-0.0138,0.0234
42.652,3,swarm_bot_4,-1.0541,-0.7792,0.019,0.0138,0.0235
42.752,1,swarm_bot_2,0.4243,1.2507,-0.0073,-0.0223,0.0235
42.753,2,swarm_bot_3,-1.0494,0.77,0.0189,-0.0137,0.0234
42.753,0,swarm_bot_1,1.3324,0.0013,-0.0235,-0.0001,0.0235
42.753,3,swarm_bot_4,-1.0522,-0.7778,0.019,0.0138,0.0235
42.754,4,swarm_bot_5,0.4178,-1.2538,-0.0072,0.0223,0.0234
42.867,0,swarm_bot_1,1.3301,0.0013,-0.0234,-0.0001,0.0234
42.868,2,swarm_bot_3,-1.0475,0.7686,0.0189,-0.0137,0.0234
42.869,3,swarm_bot_4,-1.0503,-0.7764,0.019,0.0138,0.0234
42.87,4,swarm_bot_5,0.417,-1.2515,-0.0072,0.0222,0.0234
42.871,1,swarm_bot_2,0.4236,1.2485,-0.0073,-0.0223,0.0234
42.975,0,swarm_bot_1,1.3277,0.0013,-0.0234,-0.0001,0.0234
42.976,1,swarm_bot_2,0.4229,1.2463,-0.0073,-0.0222,0.0234
42.976,4,swarm_bot_5,0.4163,-1.2493,-0.0071,0.0222,0.0233
42.977,2,swarm_bot_3,-1.0456,0.7673,0.0189,-0.0137,0.0233
42.977,3,swarm_bot_4,-1.0484,-0.7751,0.0189,0.0138,0.0234
43.576,1,swarm_bot_2,0.4221,1.2441,-0.0073,-0.0222,0.0233
43.576,3,swarm_bot_4,-1.0465,-0.7737,0.0189,0.0137,0.0233
43.576,0,swarm_bot_1,1.3254,0.0013,-0.0233,-0.0001,0.0233
43.577,2,swarm_bot_3,-1.0437,0.7659,0.0188,-0.0137,0.0233
43.577,4,swarm_bot_5,0.4156,-1.2471,-0.0071,0.0222,0.0233
43.677,1,swarm_bot_2,0.4214,1.2419,-0.0072,-0.0221,0.0233
43.678,0,swarm_bot_1,1.3231,0.0013,-0.0233,-0.0001,0.0233
43.678,2,swarm_bot_3,-1.0418,0.7645,0.0188,-0.0136,0.0232
43.678,3,swarm_bot_4,-1.0446,-0.7723,0.0188,0.0137,0.0233
43.679,4,swarm_bot_5,0.4149,-1.2449,-0.0071,0.0221,0.0232
43.79,0,swarm_bot_1,1.3208,0.0013,-0.0232,-0.0001,0.0232
43.791,1,swarm_bot_2,0.4207,1.2397,-0.0072,-0.0221,0.0232
43.791,2,swarm_bot_3,-1.04,0.7632,0.0188,-0.0136,0.0232
43.791,3,swarm_bot_4,-1.0428,-0.771,0.0188,0.0137,0.0233
43.792,4,swarm_bot_5,0.4142,-1.2427,-0.0071,0.0221,0.0232
43.896,1,swarm_bot_2,0.42,1.2375,-0.0072,-0.0221,0.0232
43.896,2,swarm_bot_3,-1.0381,0.7618,0.0187,-0.0136,0.0231
43.896,0,swarm_bot_1,1.3184,0.0013,-0.0232,-0.0001,0.0232
43.897,3,swarm_bot_4,-1.0409,-0.7696,0.0188,0.0137,0.0232
43.897,4,swarm_bot_5,0.4135,-1.2405,-0.0071,0.022,0.0232
44.497,0,swarm_bot_1,1.3161,0.0013,-0.0232,-0.0001,0.0232
44.497,2,swarm_bot_3,-1.0362,0.7605,0.0187,-0.0136,0.0231
44.497,1,swarm_bot_2,0.4192,1.2353,-0.0072,-0.022,0.0232
44.498,3,swarm_bot_4,-1.039,-0.7682,0.0187,0.0136,0.0232
44.498,4,swarm_bot_5,0.4128,-1.2383,-0.0071,0.022,0.0231
44.601,0,swarm_bot_1,1.3138,0.0012,-0.0231,-0.0001,0.0231
44.602,1,swarm_bot_2,0.4185,1.2331,-0.0072,-0.022,0.0231
44.603,2,swarm_bot_3,-1.0344,0.7591,0.0187,-0.0135,0.0231
44.604,3,swarm_bot_4,-1.0371,-0.7669,0.0187,0.0136,0.0231
44.604,4,swarm_bot_5,0.4121,-1.2361,-0.0071,0.022,0.0231
44.713,3,swarm_bot_4,-1.0353,-0.7655,0.0187,0.0136,0.0231
44.713,0,swarm_bot_1,1.3115,0.0012,-0.0231,-0.0001,0.0231
44.713,1,swarm_bot_2,0.4178,1.2309,-0.0072,-0.0219,0.0231
44.714,4,swarm_bot_5,0.4114,-1.2339,-0.0071,0.0219,0.023
44.717,2,swarm_bot_3,-1.0325,0.7577,0.0186,-0.0135,0.023
44.819,2,swarm_bot_3,-1.0306,0.7564,0.0186,-0.0135,0.023
44.819,3,swarm_bot_4,-1.0334,-0.7642,0.0186,0.0136,0.0231
44.82,4,swarm_bot_5,0.4107,-1.2317,-0.007,0.0219,0.023
44.82,0,swarm_bot_1,1.3092,0.0012,-0.023,-0.0001,0.023
44.82,1,swarm_bot_2,0.4171,1.2287,-0.0072,-0.0219,0.023
45.421,0,swarm_bot_1,1.3069,0.0012,-0.023,-0.0001,0.023
45.421,2,swarm_bot_3,-1.0288,0.7551,0.0186,-0.0135,0.0229
45.421,3,swarm_bot_4,-1.0315,-0.7628,0.0186,0.0135,0.023
45.422,1,swarm_bot_2,0.4164,1.2265,-0.0072,-0.0219,0.023
45.422,4,swarm_bot_5,0.41,-1.2295,-0.007,0.0218,0.023
45.522,0,swarm_bot_1,1.3046,0.0012,-0.023,-0.0001,0.023
45.523,1,swarm_bot_2,0.4157,1.2243,-0.0071,-0.0218,0.023
45.523,2,swarm_bot_3,-1.0269,0.7537,0.0185,-0.0134,0.0229
45.523,3,swarm_bot_4,-1.0297,-0.7614,0.0186,0.0135,0.023
45.524,4,swarm_bot_5,0.4092,-1.2273,-0.007,0.0218,0.0229
45.656,0,swarm_bot_1,1.3023,0.0012,-0.0229,-0.0001,0.0229
45.656,2,swarm_bot_3,-1.0251,0.7524,0.0185,-0.0134,0.0229
45.657,1,swarm_bot_2,0.415,1.2221,-0.0071,-0.0218,0.0229
45.657,4,swarm_bot_5,0.4085,-1.2252,-0.007,0.0218,0.0229
45.658,3,swarm_bot_4,-1.0278,-0.7601,0.0186,0.0135,0.0229
45.761,0,swarm_bot_1,1.3,0.0012,-0.0229,-0.0001,0.0229
45.762,1,swarm_bot_2,0.4142,1.22,-0.0071,-0.0217,0.0229
45.762,2,swarm_bot_3,-1.0232,0.751,0.0185,-0.0134,0.0228
45.762,4,swarm_bot_5,0.4078,-1.223,-0.007,0.0217,0.0228
45.763,3,swarm_bot_4,-1.026,-0.7588,0.0185,0.0135,0.0229
46.362,1,swarm_bot_2,0.4135,1.2178,-0.0071,-0.0217,0.0228
46.363,3,swarm_bot_4,-1.0241,-0.7574,0.0185,0.0134,0.0229
46.363,0,swarm_bot_1,1.2977,0.0012,-0.0228,-0.0001,0.0228
46.363,2,swarm_bot_3,-1.0214,0.7497,0.0184,-0.0134,0.0228
46.364,4,swarm_bot_5,0.4071,-1.2208,-0.007,0.0217,0.0228
46.464,0,swarm_bot_1,1.2955,0.0012,-0.0228,-0.0001,0.0228
46.464,3,swarm_bot_4,-1.0223,-0.7561,0.0185,0.0134,0.0228
46.465,4,swarm_bot_5,0.4065,-1.2187,-0.007,0.0217,0.0227
46.465,1,swarm_bot_2,0.4128,1.2156,-0.0071,-0.0217,0.0228
46.467,2,swarm_bot_3,-1.0195,0.7484,0.0184,-0.0134,0.0227
46.578,1,swarm_bot_2,0.4121,1.2134,-0.0071,-0.0216,0.0228
46.581,0,swarm_bot_1,1.2932,0.0012,-0.0228,-0.0001,0.0228
46.581,2,swarm_bot_3,-1.0177,0.747,0.0184,-0.0133,0.0227
46.582,3,swarm_bot_4,-1.0204,-0.7547,0.0184,0.0134,0.0228
46.582,4,swarm_bot_5,0.4058,-1.2165,-0.007,0.0216,0.0227
46.684,0,swarm_bot_1,1.2909,0.0012,-0.0227,-0.0001,0.0227
46.684,2,swarm_bot_3,-1.0159,0.7457,0.0183,-0.0133,0.0227
46.684,4,swarm_bot_5,0.4051,-1.2143,-0.0069,0.0216,0.0226
46.685,1,swarm_bot_2,0.4114,1.2113,-0.0071,-0.0215,0.0227
46.685,3,swarm_bot_4,-1.0186,-0.7534,0.0183,0.0134,0.0227
47.284,0,swarm_bot_1,1.2887,0.0012,-0.0225,-0.0003,0.0225
47.284,3,swarm_bot_4,-1.0168,-0.752,0.0182,0.0134,0.0226
47.284,1,swarm_bot_2,0.4107,1.2092,-0.0072,-0.0213,0.0225
47.285,2,swarm_bot_3,-1.014,0.7444,0.0183,-0.0132,0.0226
47.285,4,swarm_bot_5,0.4044,-1.2122,-0.0067,0.0215,0.0225
47.385,0,swarm_bot_1,1.2864,0.0011,-0.0223,-0.0005,0.0223
47.385,1,swarm_bot_2,0.41,1.207,-0.0072,-0.0212,0.0224
47.386,2,swarm_bot_3,-1.0122,0.7431,0.0182,-0.0131,0.0225
47.386,3,swarm_bot_4,-1.015,-0.7507,0.0181,0.0133,0.0224
47.386,4,swarm_bot_5,0.4038,-1.2101,-0.0064,0.0213,0.0223
47.495,1,swarm_bot_2,0.4092,1.2049,-0.0072,-0.021,0.0222
47.495,2,swarm_bot_3,-1.0104,0.7418,0.0181,-0.013,0.0223
47.496,4,swarm_bot_5,0.4031,-1.2079,-0.0063,0.0212,0.0222
47.496,3,swarm_bot_4,-1.0132,-0.7494,0.0179,0.0132,0.0222
47.498,0,swarm_bot_1,1.2842,0.001,-0.0221,-0.0006,0.0221
47.6,0,swarm_bot_1,1.282,0.001,-0.0219,-0.0006,0.0219
47.6,4,swarm_bot_5,0.4025,-1.2058,-0.0062,0.0211,0.022
47.6,1,swarm_bot_2,0.4085,1.2029,-0.0072,-0.0207,0.022
47.601,2,swarm_bot_3,-1.0086,0.7405,0.0179,-0.0129,0.0221
47.601,3,swarm_bot_4,-1.0114,-0.7481,0.0176,0.013,0.0219
48.201,0,swarm_bot_1,1.2799,0.0009,-0.0217,-0.0007,0.0217
48.201,4,swarm_bot_5,0.4019,-1.2037,-0.0061,0.0208,0.0217
48.202,1,swarm_bot_2,0.4078,1.2008,-0.0071,-0.0205,0.0217
48.202,2,swarm_bot_3,-1.0068,0.7392,0.0177,-0.0127,0.0218
48.202,3,swarm_bot_4,-1.0097,-0.7468,0.0174,0.0129,0.0216
48.302,0,swarm_bot_1,1.2777,0.0008,-0.0214,-0.0007,0.0214
48.303,1,swarm_bot_2,0.4071,1.1988,-0.007,-0.0202,0.0214
48.303,4,swarm_bot_5,0.4013,-1.2017,-0.006,0.0206,0.0214
48.304,2,swarm_bot_3,-1.0051,0.738,0.0175,-0.0125,0.0215
48.304,3,swarm_bot_4,-1.008,-0.7455,0.0171,0.0127,0.0213
48.416,0,swarm_bot_1,1.2756,0.0008,-0.0211,-0.0007,0.0211
48.418,3,swarm_bot_4,-1.0063,-0.7443,0.0168,0.0125,0.021
48.418,1,swarm_bot_2,0.4064,1.1968,-0.007,-0.0198,0.021
48.419,2,swarm_bot_3,-1.0034,0.7367,0.0172,-0.0123,0.0212
48.42,4,swarm_bot_5,0.4007,-1.1997,-0.0059,0.0203,0.0211
48.523,1,swarm_bot_2,0.4057,1.1949,-0.0068,-0.0195,0.0207
48.523,2,swarm_bot_3,-1.0017,0.7355,0.017,-0.0121,0.0208
48.523,3,swarm_bot_4,-1.0046,-0.7431,0.0166,0.0123,0.0206
48.524,4,swarm_bot_5,0.4001,-1.1977,-0.0058,0.02,0.0208
48.524,0,swarm_bot_1,1.2735,0.0007,-0.0208,-0.0007,0.0208
48.924,2,swarm_bot_3,-1.0,0.7343,0.0167,-0.0119,0.0205
48.924,4,swarm_bot_5,0.3996,-1.1957,-0.0057,0.0197,0.0205
48.925,0,swarm_bot_1,1.2715,0.0006,-0.0204,-0.0007,0.0205
48.925,1,swarm_bot_2,0.4051,1.193,-0.0067,-0.0192,0.0203
48.925,3,swarm_bot_4,-1.003,-0.7419,0.0163,0.0121,0.0203
49.026,1,swarm_bot_2,0.4044,1.1911,-0.0066,-0.0188,0.02
49.026,2,swarm_bot_3,-0.9984,0.7332,0.0164,-0.0117,0.0201
49.026,0,swarm_bot_1,1.2695,0.0006,-0.0201,-0.0007,0.0201
49.027,3,swarm_bot_4,-1.0014,-0.7407,0.016,0.0119,0.0199
49.027,4,swarm_bot_5,0.399,-1.1938,-0.0055,0.0193,0.0201
49.14,0,swarm_bot_1,1.2675,0.0005,-0.0197,-0.0007,0.0197
49.141,1,swarm_bot_2,0.4037,1.1892,-0.0065,-0.0185,0.0196
49.141,2,swarm_bot_3,-0.9967,0.732,0.0161,-0.0114,0.0197
49.142,4,swarm_bot_5,0.3985,-1.1919,-0.0054,0.019,0.0197
49.143,3,swarm_bot_4,-0.9998,-0.7395,0.0157,0.0116,0.0195
49.249,0,swarm_bot_1,1.2656,0.0004,-0.0194,-0.0007,0.0194
49.249,1,swarm_bot_2,0.4031,1.1874,-0.0064,-0.0182,0.0192
49.249,3,swarm_bot_4,-0.9983,-0.7384,0.0154,0.0114,0.0192
49.25,2,swarm_bot_3,-0.9952,0.7309,0.0158,-0.0112,0.0194
49.25,4,swarm_bot_5,0.3979,-1.19,-0.0053,0.0186,0.0194
49.849,1,swarm_bot_2,0.4025,1.1856,-0.0063,-0.0178,0.0189
49.849,3,swarm_bot_4,-0.9968,-0.7372,0.0151,0.0112,0.0188
49.849,0,swarm_bot_1,1.2637,0.0003,-0.019,-0.0007,0.019
49.849,2,swarm_bot_3,-0.9936,0.7298,0.0155,-0.011,0.019
49.85,4,swarm_bot_5,0.3974,-1.1882,-0.0052,0.0183,0.019
49.95,3,swarm_bot_4,-0.9953,-0.7361,0.0148,0.011,0.0184
49.95,4,swarm_bot_5,0.3969,-1.1864,-0.0051,0.0179,0.0186
49.951,2,swarm_bot_3,-0.9921,0.7287,0.0152,-0.0108,0.0186
49.952,0,swarm_bot_1,1.2618,0.0003,-0.0186,-0.0007,0.0187
49.952,1,swarm_bot_2,0.4019,1.1839,-0.0061,-0.0175,0.0185
50.092,1,swarm_bot_2,0.4013,1.1822,-0.006,-0.0171,0.0181
50.093,2,swarm_bot_3,-0.9906,0.7277,0.0149,-0.0106,0.0183
50.094,0,swarm_bot_1,1.26,0.0002,-0.0183,-0.0007,0.0183
50.094,3,swarm_bot_4,-0.9939,-0.7351,0.0145,0.0107,0.018
50.096,4,swarm_bot_5,0.3964,-1.1846,-0.0051,0.0176,0.0183
50.198,0,swarm_bot_1,1.2582,0.0001,-0.0179,-0.0006,0.0179
50.199,2,swarm_bot_3,-0.9892,0.7266,0.0146,-0.0104,0.0179
50.199,4,swarm_bot_5,0.3959,-1.1829,-0.005,0.0172,0.0179
50.199,1,swarm_bot_2,0.4007,1.1805,-0.0059,-0.0168,0.0178
50.199,3,swarm_bot_4,-0.9924,-0.734,0.0142,0.0105,0.0177
50.8,3,swarm_bot_4,-0.9911,-0.733,0.0139,0.0103,0.0173
50.8,0,swarm_bot_1,1.2564,0.0001,-0.0176,-0.0006,0.0176
50.8,1,swarm_bot_2,0.4001,1.1788,-0.0058,-0.0165,0.0174
50.8,2,swarm_bot_3,-0.9877,0.7256,0.0143,-0.0102,0.0175
50.801,4,swarm_bot_5,0.3954,-1.1812,-0.0049,0.0169,0.0176
50.901,1,swarm_bot_2,0.3995,1.1772,-0.0056,-0.0161,0.0171
50.901,3,swarm_bot_4,-0.9897,-0.732,0.0136,0.0101,0.017
50.902,0,swarm_bot_1,1.2547,0.0,-0.0172,-0.0006,0.0172
50.902,2,swarm_bot_3,-0.9863,0.7246,0.014,-0.01,0.0172
50.902,4,swarm_bot_5,0.3949,-1.1796,-0.0048,0.0165,0.0172
51.019,0,swarm_bot_1,1.253,-0.0,-0.0169,-0.0006,0.0169
51.02,1,swarm_bot_2,0.399,1.1756,-0.0055,-0.0158,0.0167
51.02,2,swarm_bot_3,-0.985,0.7236,0.0137,-0.0098,0.0168
51.02,3,swarm_bot_4,-0.9883,-0.731,0.0134,0.0099,0.0166
51.021,4,swarm_bot_5,0.3945,-1.1779,-0.0047,0.0162,0.0169
51.128,2,swarm_bot_3,-0.9836,0.7227,0.0134,-0.0096,0.0165
51.128,0,swarm_bot_1,1.2514,-0.0001,-0.0165,-0.0006,0.0165
51.128,1,swarm_bot_2,0.3984,1.1741,-0.0054,-0.0155,0.0164
51.129,3,swarm_bot_4,-0.987,-0.73,0.0131,0.0097,0.0163
51.129,4,swarm_bot_5,0.394,-1.1764,-0.0046,0.0159,0.0165
51.729,2,swarm_bot_3,-0.9823,0.7217,0.0132,-0.0094,0.0162
51.73,3,swarm_bot_4,-0.9858,-0.7291,0.0128,0.0095,0.016
51.73,0,swarm_bot_1,1.2497,-0.0001,-0.0162,-0.0005,0.0162
51.73,1,swarm_bot_2,0.3979,1.1726,-0.0053,-0.0152,0.0161
51.73,4,swarm_bot_5,0.3935,-1.1748,-0.0045,0.0155,0.0162
51.831,2,swarm_bot_3,-0.981,0.7208,0.0129,-0.0092,0.0158
51.832,0,swarm_bot_1,1.2482,-0.0002,-0.0159,-0.0005,0.0159
51.832,1,swarm_bot_2,0.3974,1.1711,-0.0052,-0.0149,0.0157
51.832,3,swarm_bot_4,-0.9845,-0.7281,0.0126,0.0093,0.0157
51.832,4,swarm_bot_5,0.3931,-1.1733,-0.0044,0.0152,0.0159
51.945,0,swarm_bot_1,1.2466,-0.0002,-0.0155,-0.0005,0.0155
51.945,1,swarm_bot_2,0.3969,1.1696,-0.0051,-0.0146,0.0154
51.946,2,swarm_bot_3,-0.9797,0.7199,0.0126,-0.009,0.0155
51.947,3,swarm_bot_4,-0.9833,-0.7272,0.0123,0.0091,0.0153
51.948,4,swarm_bot_5,0.3927,-1.1718,-0.0043,0.0149,0.0155
52.051,0,swarm_bot_1,1.2451,-0.0003,-0.0152,-0.0005,0.0152
52.051,2,swarm_bot_3,-0.9785,0.719,0.0124,-0.0088,0.0152
52.052,4,swarm_bot_5,0.3922,-1.1703,-0.0042,0.0146,0.0152
52.052,1,swarm_bot_2,0.3964,1.1682,-0.005,-0.0143,0.0151
52.052,3,swarm_bot_4,-0.9821,-0.7263,0.0121,0.0089,0.015
52.652,1,swarm_bot_2,0.3959,1.1668,-0.0049,-0.014,0.0148
52.653,2,swarm_bot_3,-0.9773,0.7182,0.0121,-0.0086,0.0149
52.653,3,swarm_bot_4,-0.9809,-0.7254,0.0118,0.0088,0.0147
52.653,4,swarm_bot_5,0.3918,-1.1689,-0.0042,0.0143,0.0149
52.653,0,swarm_bot_1,1.2436,-0.0003,-0.0149,-0.0005,0.0149
52.757,0,swarm_bot_1,1.2421,-0.0004,-0.0146,-0.0005,0.0146
52.757,1,swarm_bot_2,0.3954,1.1654,-0.0048,-0.0137,0.0145
52.758,2,swarm_bot_3,-0.9761,0.7173,0.0119,-0.0084,0.0146
52.758,3,swarm_bot_4,-0.9797,-0.7246,0.0116,0.0086,0.0144
52.758,4,swarm_bot_5,0.3914,-1.1675,-0.0041,0.014,0.0146
52.879,0,swarm_bot_1,1.2407,-0.0004,-0.0143,-0.0004,0.0143
52.88,1,swarm_bot_2,0.395,1.1641,-0.0046,-0.0134,0.0142
52.88,2,swarm_bot_3,-0.975,0.7165,0.0116,-0.0083,0.0143
52.881,3,swarm_bot_4,-0.9786,-0.7237,0.0114,0.0084,0.0141
52.881,4,swarm_bot_5,0.391,-1.1661,-0.004,0.0137,0.0143
52.981,0,swarm_bot_1,1.2393,-0.0005,-0.014,-0.0004,0.014
52.981,4,swarm_bot_5,0.3906,-1.1648,-0.0039,0.0134,0.014
52.982,1,swarm_bot_2,0.3945,1.1628,-0.0045,-0.0131,0.0139
52.982,2,swarm_bot_3,-0.9738,0.7157,0.0114,-0.0081,0.014
52.982,3,swarm_bot_4,-0.9775,-0.7229,0.0111,0.0082,0.0138
53.583,0,swarm_bot_1,1.2379,-0.0005,-0.0137,-0.0004,0.0137
53.583,4,swarm_bot_5,0.3902,-1.1635,-0.0039,0.0131,0.0137
53.583,1,swarm_bot_2,0.3941,1.1615,-0.0045,-0.0129,0.0136
53.583,2,swarm_bot_3,-0.9727,0.7149,0.0111,-0.0079,0.0137
53.584,3,swarm_bot_4,-0.9764,-0.7221,0.0109,0.0081,0.0135
53.684,0,swarm_bot_1,1.2366,-0.0006,-0.0134,-0.0004,0.0134
53.684,1,swarm_bot_2,0.3936,1.1602,-0.0044,-0.0126,0.0133
53.684,2,swarm_bot_3,-0.9716,0.7141,0.0109,-0.0078,0.0134
53.685,3,swarm_bot_4,-0.9753,-0.7213,0.0107,0.0079,0.0133
53.685,4,swarm_bot_5,0.3899,-1.1622,-0.0038,0.0129,0.0134
53.811,0,swarm_bot_1,1.2353,-0.0006,-0.0131,-0.0004,0.0132
53.812,3,swarm_bot_4,-0.9743,-0.7206,0.0104,0.0077,0.013
53.812,4,swarm_bot_5,0.3895,-1.1609,-0.0037,0.0126,0.0131
53.812,1,swarm_bot_2,0.3932,1.159,-0.0043,-0.0123,0.0131
53.813,2,swarm_bot_3,-0.9706,0.7134,0.0107,-0.0076,0.0131
53.923,1,swarm_bot_2,0.3928,1.1578,-0.0042,-0.0121,0.0128
53.923,4,swarm_bot_5,0.3891,-1.1597,-0.0036,0.0123,0.0129
53.924,0,swarm_bot_1,1.234,-0.0006,-0.0129,-0.0004,0.0129
53.924,2,swarm_bot_3,-0.9695,0.7126,0.0104,-0.0075,0.0128
53.924,3,swarm_bot_4,-0.9732,-0.7198,0.0102,0.0076,0.0127
54.425,0,swarm_bot_1,1.2327,-0.0007,-0.0126,-0.0004,0.0126
54.426,1,swarm_bot_2,0.3924,1.1566,-0.0041,-0.0118,0.0125
54.426,3,swarm_bot_4,-0.9722,-0.7191,0.01,0.0074,0.0125
54.426,4,swarm_bot_5,0.3888,-1.1585,-0.0036,0.0121,0.0126
54.427,2,swarm_bot_3,-0.9685,0.7119,0.0102,-0.0073,0.0126
54.526,3,swarm_bot_4,-0.9713,-0.7183,0.0098,0.0073,0.0122
54.526,0,swarm_bot_1,1.2315,-0.0007,-0.0123,-0.0003,0.0124
54.527,1,swarm_bot_2,0.392,1.1555,-0.004,-0.0116,0.0123
54.527,2,swarm_bot_3,-0.9675,0.7112,0.01,-0.0072,0.0123
54.528,4,swarm_bot_5,0.3884,-1.1573,-0.0035,0.0118,0.0123
54.665,0,swarm_bot_1,1.2303,-0.0007,-0.0121,-0.0003,0.0121
54.666,1,swarm_bot_2,0.3916,1.1543,-0.0039,-0.0114,0.012
54.667,2,swarm_bot_3,-0.9665,0.7105,0.0098,-0.007,0.0121
54.668,3,swarm_bot_4,-0.9703,-0.7176,0.0096,0.0071,0.012
54.668,4,swarm_bot_5,0.3881,-1.1561,-0.0034,0.0116,0.0121
54.778,1,swarm_bot_2,0.3912,1.1532,-0.0038,-0.0111,0.0118
54.778,2,swarm_bot_3,-0.9655,0.7098,0.0096,-0.0069,0.0118
54.778,3,swarm_bot_4,-0.9694,-0.7169,0.0094,0.007,0.0117
54.778,4,swarm_bot_5,0.3877,-1.155,-0.0034,0.0113,0.0118
54.779,0,swarm_bot_1,1.2291,-0.0008,-0.0118,-0.0003,0.0118
55.379,0,swarm_bot_1,1.2279,-0.0008,-0.0116,-0.0003,0.0116
55.38,1,swarm_bot_2,0.3908,1.1521,-0.0037,-0.0109,0.0115
55.38,2,swarm_bot_3,-0.9646,0.7091,0.0094,-0.0067,0.0116
55.38,3,swarm_bot_4,-0.9684,-0.7162,0.0092,0.0068,0.0115
55.38,4,swarm_bot_5,0.3874,-1.1539,-0.0033,0.0111,0.0116
55.481,0,swarm_bot_1,1.2268,-0.0008,-0.0114,-0.0003,0.0114
55.481,2,swarm_bot_3,-0.9637,0.7085,0.0092,-0.0066,0.0113
55.482,1,swarm_bot_2,0.3905,1.1511,-0.0037,-0.0107,0.0113
55.482,3,swarm_bot_4,-0.9675,-0.7156,0.009,0.0067,0.0112
55.482,4,swarm_bot_5,0.3871,-1.1528,-0.0032,0.0109,0.0113
55.592,4,swarm_bot_5,0.3868,-1.1517,-0.0032,0.0106,0.0111
55.593,0,swarm_bot_1,1.2257,-0.0009,-0.0111,-0.0003,0.0111
55.593,1,swarm_bot_2,0.3901,1.15,-0.0036,-0.0105,0.011
55.594,2,swarm_bot_3,-0.9628,0.7078,0.009,-0.0064,0.0111
55.595,3,swarm_bot_4,-0.9666,-0.7149,0.0089,0.0065,0.011
55.7,3,swarm_bot_4,-0.9658,-0.7143,0.0087,0.0064,0.0108
55.7,0,swarm_bot_1,1.2246,-0.0009,-0.0109,-0.0003,0.0109
55.701,1,swarm_bot_2,0.3898,1.149,-0.0035,-0.0102,0.0108
55.701,2,swarm_bot_3,-0.9619,0.7072,0.0088,-0.0063,0.0108
55.701,4,swarm_bot_5,0.3865,-1.1507,-0.0031,0.0104,0.0109
56.301,1,swarm_bot_2,0.3894,1.148,-0.0034,-0.01,0.0106
56.301,0,swarm_bot_1,1.2235,-0.0009,-0.0107,-0.0003,0.0107
56.301,2,swarm_bot_3,-0.961,0.7066,0.0086,-0.0062,0.0106
56.301,3,swarm_bot_4,-0.9649,-0.7137,0.0085,0.0063,0.0105
56.302,4,swarm_bot_5,0.3862,-1.1497,-0.003,0.0102,0.0106
56.402,0,swarm_bot_1,1.2225,-0.0009,-0.0104,-0.0003,0.0104
56.402,1,swarm_bot_2,0.3891,1.147,-0.0034,-0.0098,0.0104
56.402,2,swarm_bot_3,-0.9602,0.706,0.0085,-0.0061,0.0104
56.403,4,swarm_bot_5,0.3859,-1.1487,-0.003,0.01,0.0104
56.403,3,swarm_bot_4,-0.9641,-0.713,0.0083,0.0061,0.0103
56.527,3,swarm_bot_4,-0.9633,-0.7124,0.0081,0.006,0.0101
56.527,4,swarm_bot_5,0.3856,-1.1477,-0.0029,0.0098,0.0102
56.528,1,swarm_bot_2,0.3888,1.146,-0.0033,-0.0096,0.0102
56.529,2,swarm_bot_3,-0.9594,0.7054,0.0083,-0.0059,0.0102
56.529,0,swarm_bot_1,1.2215,-0.001,-0.0102,-0.0002,0.0102
56.634,1,swarm_bot_2,0.3884,1.1451,-0.0032,-0.0094,0.01
56.634,0,swarm_bot_1,1.2205,-0.001,-0.01,-0.0002,0.01
56.634,2,swarm_bot_3,-0.9585,0.7048,0.0081,-0.0058,0.01
56.634,3,swarm_bot_4,-0.9625,-0.7119,0.008,0.0059,0.0099
56.635,4,swarm_bot_5,0.3853,-1.1467,-0.0029,0.0096,0.01
57.236,0,swarm_bot_1,1.2195,-0.001,-0.0098,-0.0002,0.0098
57.236,3,swarm_bot_4,-0.9617,-0.7113,0.0078,0.0058,0.0097
57.236,1,swarm_bot_2,0.3881,1.1442,-0.0031,-0.0092,0.0097
57.236,2,swarm_bot_3,-0.9578,0.7042,0.0079,-0.0057,0.0098
57.237,4,swarm_bot_5,0.385,-1.1458,-0.0028,0.0094,0.0098
57.336,1,swarm_bot_2,0.3878,1.1433,-0.0031,-0.009,0.0095
57.337,3,swarm_bot_4,-0.9609,-0.7107,0.0077,0.0056,0.0095
57.337,0,swarm_bot_1,1.2185,-0.001,-0.0096,-0.0002,0.0096
57.338,2,swarm_bot_3,-0.957,0.7037,0.0078,-0.0056,0.0096
57.338,4,swarm_bot_5,0.3847,-1.1449,-0.0028,0.0092,0.0096
57.452,0,swarm_bot_1,1.2176,-0.001,-0.0094,-0.0002,0.0094
57.453,1,swarm_bot_2,0.3875,1.1424,-0.003,-0.0088,0.0093
57.453,2,swarm_bot_3,-0.9562,0.7031,0.0076,-0.0055,0.0094
57.454,3,swarm_bot_4,-0.9602,-0.7102,0.0075,0.0055,0.0093
57.454,4,swarm_bot_5,0.3845,-1.144,-0.0027,0.009,0.0094
57.559,0,swarm_bot_1,1.2167,-0.0011,-0.0092,-0.0002,0.0092
57.56,1,swarm_bot_2,0.3872,1.1415,-0.0029,-0.0087,0.0092
57.56,2,swarm_bot_3,-0.9555,0.7026,0.0075,-0.0053,0.0092
57.56,3,swarm_bot_4,-0.9595,-0.7096,0.0073,0.0054,0.0091
57.561,4,swarm_bot_5,0.3842,-1.1431,-0.0027,0.0088,0.0092
58.162,1,swarm_bot_2,0.3869,1.1407,-0.0029,-0.0085,0.009
58.162,4,swarm_bot_5,0.3839,-1.1422,-0.0026,0.0086,0.009
58.162,0,swarm_bot_1,1.2158,-0.0011,-0.009,-0.0002,0.009
58.163,2,swarm_bot_3,-0.9547,0.7021,0.0073,-0.0052,0.009
58.163,3,swarm_bot_4,-0.9587,-0.7091,0.0072,0.0053,0.0089
58.263,0,swarm_bot_1,1.2149,-0.0011,-0.0088,-0.0002,0.0088
58.263,1,swarm_bot_2,0.3867,1.1398,-0.0028,-0.0083,0.0088
58.263,2,swarm_bot_3,-0.954,0.7015,0.0072,-0.0051,0.0088
58.264,3,swarm_bot_4,-0.958,-0.7086,0.007,0.0052,0.0087
58.264,4,swarm_bot_5,0.3837,-1.1414,-0.0025,0.0084,0.0088
58.373,0,swarm_bot_1,1.214,-0.0011,-0.0086,-0.0002,0.0086
58.374,1,swarm_bot_2,0.3864,1.139,-0.0028,-0.0081,0.0086
58.374,2,swarm_bot_3,-0.9533,0.701,0.007,-0.005,0.0086
58.375,3,swarm_bot_4,-0.9573,-0.7081,0.0069,0.0051,0.0086
58.375,4,swarm_bot_5,0.3834,-1.1406,-0.0025,0.0083,0.0086
58.48,0,swarm_bot_1,1.2132,-0.0011,-0.0085,-0.0002,0.0085
58.48,1,swarm_bot_2,0.3861,1.1382,-0.0027,-0.008,0.0084
58.48,2,swarm_bot_3,-0.9526,0.7005,0.0069,-0.0049,0.0084
58.48,3,swarm_bot_4,-0.9567,-0.7076,0.0068,0.005,0.0084
58.481,4,swarm_bot_5,0.3832,-1.1398,-0.0024,0.0081,0.0085
58.982,0,swarm_bot_1,1.2123,-0.0012,-0.0083,-0.0002,0.0083
58.982,4,swarm_bot_5,0.3829,-1.139,-0.0024,0.0079,0.0083
58.982,1,swarm_bot_2,0.3858,1.1374,-0.0026,-0.0078,0.0082
58.983,2,swarm_bot_3,-0.952,0.7001,0.0067,-0.0048,0.0083
58.983,3,swarm_bot_4,-0.956,-0.7071,0.0066,0.0049,0.0082
59.083,0,swarm_bot_1,1.2115,-0.0012,-0.0081,-0.0002,0.0081
59.083,1,swarm_bot_2,0.3856,1.1367,-0.0026,-0.0076,0.0081
59.083,2,swarm_bot_3,-0.9513,0.6996,0.0066,-0.0047,0.0081
59.084,3,swarm_bot_4,-0.9554,-0.7066,0.0065,0.0048,0.008
59.084,4,swarm_bot_5,0.3827,-1.1382,-0.0024,0.0078,0.0081
59.201,0,swarm_bot_1,1.2107,-0.0012,-0.0079,-0.0002,0.0079
59.202,2,swarm_bot_3,-0.9507,0.6991,0.0064,-0.0046,0.0079
59.203,4,swarm_bot_5,0.3825,-1.1374,-0.0023,0.0076,0.0079
59.203,1,swarm_bot_2,0.3853,1.1359,-0.0025,-0.0075,0.0079
59.203,3,swarm_bot_4,-0.9547,-0.7062,0.0063,0.0046,0.0079
59.308,0,swarm_bot_1,1.21,-0.0012,-0.0078,-0.0001,0.0078
59.308,1,swarm_bot_2,0.3851,1.1352,-0.0025,-0.0073,0.0077
59.308,2,swarm_bot_3,-0.95,0.6987,0.0063,-0.0045,0.0078
59.309,3,swarm_bot_4,-0.9541,-0.7057,0.0062,0.0046,0.0077
59.309,4,swarm_bot_5,0.3823,-1.1367,-0.0023,0.0074,0.0078
59.909,0,swarm_bot_1,1.2092,-0.0012,-0.0076,-0.0001,0.0076
59.909,1,swarm_bot_2,0.3848,1.1345,-0.0024,-0.0072,0.0076
59.909,2,swarm_bot_3,-0.9494,0.6982,0.0062,-0.0044,0.0076
59.91,3,swarm_bot_4,-0.9535,-0.7053,0.0061,0.0045,0.0075
59.91,4,swarm_bot_5,0.382,-1.136,-0.0022,0.0073,0.0076
60.01,0,swarm_bot_1,1.2085,-0.0012,-0.0075,-0.0001,0.0075
60.01,1,swarm_bot_2,0.3846,1.1338,-0.0024,-0.007,0.0074
60.011,2,swarm_bot_3,-0.9488,0.6978,0.006,-0.0043,0.0074
60.011,3,swarm_bot_4,-0.9529,-0.7048,0.006,0.0044,0.0074
60.011,4,swarm_bot_5,0.3818,-1.1352,-0.0022,0.0071,0.0075
60.142,0,swarm_bot_1,1.2077,-0.0012,-0.0073,-0.0001,0.0073
60.143,2,swarm_bot_3,-0.9482,0.6974,0.0059,-0.0042,0.0073
60.143,4,swarm_bot_5,0.3816,-1.1346,-0.0021,0.007,0.0073
60.144,1,swarm_bot_2,0.3844,1.1331,-0.0023,-0.0069,0.0073
60.144,3,swarm_bot_4,-0.9523,-0.7044,0.0058,0.0043,0.0072
60.251,0,swarm_bot_1,1.207,-0.0013,-0.0072,-0.0001,0.0072
60.251,1,swarm_bot_2,0.3841,1.1324,-0.0023,-0.0067,0.0071
60.251,2,swarm_bot_3,-0.9476,0.697,0.0058,-0.0042,0.0071
60.251,3,swarm_bot_4,-0.9517,-0.704,0.0057,0.0042,0.0071
60.252,4,swarm_bot_5,0.3814,-1.1339,-0.0021,0.0068,0.0072
60.851,0,swarm_bot_1,1.2063,-0.0013,-0.007,-0.0001,0.007
60.851,4,swarm_bot_5,0.3812,-1.1332,-0.002,0.0067,0.007
60.851,1,swarm_bot_2,0.3839,1.1318,-0.0022,-0.0066,0.007
60.851,2,swarm_bot_3,-0.9471,0.6966,0.0057,-0.0041,0.007
60.852,3,swarm_bot_4,-0.9512,-0.7036,0.0056,0.0041,0.0069
60.952,3,swarm_bot_4,-0.9506,-0.7032,0.0055,0.004,0.0068
60.952,4,swarm_bot_5,0.381,-1.1325,-0.002,0.0066,0.0069
60.953,0,swarm_bot_1,1.2056,-0.0013,-0.0069,-0.0001,0.0069
60.953,1,swarm_bot_2,0.3837,1.1311,-0.0022,-0.0065,0.0068
60.953,2,swarm_bot_3,-0.9465,0.6962,0.0056,-0.004,0.0068
61.064,2,swarm_bot_3,-0.946,0.6958,0.0054,-0.0039,0.0067
61.065,0,swarm_bot_1,1.205,-0.0013,-0.0067,-0.0001,0.0067
61.067,1,swarm_bot_2,0.3835,1.1305,-0.0021,-0.0063,0.0067
61.068,3,swarm_bot_4,-0.9501,-0.7028,0.0054,0.0039,0.0066
61.069,4,swarm_bot_5,0.3808,-1.1319,-0.002,0.0064,0.0067
61.172,1,swarm_bot_2,0.3833,1.1299,-0.0021,-0.0062,0.0065
61.173,0,swarm_bot_1,1.2043,-0.0013,-0.0066,-0.0001,0.0066
61.173,2,swarm_bot_3,-0.9454,0.6954,0.0053,-0.0038,0.0066
61.173,3,swarm_bot_4,-0.9496,-0.7024,0.0053,0.0038,0.0065
61.174,4,swarm_bot_5,0.3806,-1.1313,-0.0019,0.0063,0.0066
61.774,0,swarm_bot_1,1.2036,-0.0013,-0.0064,-0.0001,0.0064
61.774,1,swarm_bot_2,0.3831,1.1292,-0.002,-0.0061,0.0064
61.774,2,swarm_bot_3,-0.9449,0.695,0.0052,-0.0037,0.0064
61.775,3,swarm_bot_4,-0.9491,-0.702,0.0051,0.0038,0.0064
61.775,4,swarm_bot_5,0.3804,-1.1307,-0.0019,0.0062,0.0064
61.875,0,swarm_bot_1,1.203,-0.0013,-0.0063,-0.0001,0.0063
61.875,3,swarm_bot_4,-0.9486,-0.7016,0.005,0.0037,0.0062
61.876,4,swarm_bot_5,0.3802,-1.1301,-0.0019,0.006,0.0063
61.876,1,swarm_bot_2,0.3829,1.1286,-0.002,-0.006,0.0063
61.876,2,swarm_bot_3,-0.9444,0.6946,0.0051,-0.0037,0.0063
61.994,0,swarm_bot_1,1.2024,-0.0013,-0.0062,-0.0001,0.0062
61.994,2,swarm_bot_3,-0.9439,0.6943,0.005,-0.0036,0.0062
61.994,4,swarm_bot_5,0.38,-1.1295,-0.0018,0.0059,0.0062
61.995,1,swarm_bot_2,0.3827,1.1281,-0.002,-0.0058,0.0061
61.995,3,swarm_bot_4,-0.9481,-0.7013,0.0049,0.0036,0.0061
62.099,0,swarm_bot_1,1.2018,-0.0013,-0.0061,-0.0001,0.0061
62.099,3,swarm_bot_4,-0.9476,-0.7009,0.0048,0.0035,0.006
62.099,1,swarm_bot_2,0.3825,1.1275,-0.0019,-0.0057,0.006
62.1,2,swarm_bot_3,-0.9434,0.6939,0.0049,-0.0035,0.006
62.1,4,swarm_bot_5,0.3799,-1.1289,-0.0018,0.0058,0.006
62.6,0,swarm_bot_1,1.2012,-0.0013,-0.0059,-0.0001,0.0059
62.6,1,swarm_bot_2,0.3823,1.1269,-0.0019,-0.0056,0.0059
62.601,4,swarm_bot_5,0.3797,-1.1283,-0.0017,0.0057,0.0059
62.601,2,swarm_bot_3,-0.9429,0.6936,0.0048,-0.0035,0.0059
62.601,3,swarm_bot_4,-0.9471,-0.7006,0.0047,0.0035,0.0059
62.702,0,swarm_bot_1,1.2006,-0.0014,-0.0058,-0.0001,0.0058
62.703,1,swarm_bot_2,0.3821,1.1264,-0.0018,-0.0055,0.0058
62.703,2,swarm_bot_3,-0.9425,0.6932,0.0047,-0.0034,0.0058
62.703,3,swarm_bot_4,-0.9466,-0.7002,0.0046,0.0034,0.0057
62.703,4,swarm_bot_5,0.3795,-1.1278,-0.0017,0.0055,0.0058
62.815,2,swarm_bot_3,-0.942,0.6929,0.0046,-0.0033,0.0057
62.815,4,swarm_bot_5,0.3794,-1.1272,-0.0017,0.0054,0.0057
62.816,0,swarm_bot_1,1.2001,-0.0014,-0.0057,-0.0001,0.0057
62.817,1,swarm_bot_2,0.3819,1.1259,-0.0018,-0.0054,0.0057
62.818,3,swarm_bot_4,-0.9462,-0.6999,0.0045,0.0033,0.0056
62.929,0,swarm_bot_1,1.1995,-0.0014,-0.0056,-0.0001,0.0056
62.93,1,swarm_bot_2,0.3818,1.1253,-0.0018,-0.0053,0.0055
62.93,4,swarm_bot_5,0.3792,-1.1267,-0.0016,0.0053,0.0056
62.931,2,swarm_bot_3,-0.9416,0.6926,0.0045,-0.0032,0.0056
62.931,3,swarm_bot_4,-0.9457,-0.6996,0.0044,0.0033,0.0055
63.531,0,swarm_bot_1,1.199,-0.0014,-0.0054,-0.0001,0.0054
63.532,1,swarm_bot_2,0.3816,1.1248,-0.0017,-0.0051,0.0054
63.532,4,swarm_bot_5,0.379,-1.1262,-0.0016,0.0052,0.0054
63.532,2,swarm_bot_3,-0.9411,0.6923,0.0044,-0.0032,0.0054
63.533,3,swarm_bot_4,-0.9453,-0.6993,0.0044,0.0032,0.0054
63.632,1,swarm_bot_2,0.3814,1.1243,-0.0017,-0.005,0.0053
63.632,2,swarm_bot_3,-0.9407,0.692,0.0043,-0.0031,0.0053
63.632,3,swarm_bot_4,-0.9449,-0.6989,0.0043,0.0031,0.0053
63.633,0,swarm_bot_1,1.1984,-0.0014,-0.0053,-0.0001,0.0053
63.633,4,swarm_bot_5,0.3789,-1.1257,-0.0016,0.0051,0.0053
63.746,0,swarm_bot_1,1.1979,-0.0014,-0.0052,-0.0001,0.0052
63.747,1,swarm_bot_2,0.3813,1.1238,-0.0016,-0.0049,0.0052
63.748,2,swarm_bot_3,-0.9403,0.6917,0.0042,-0.003,0.0052
63.748,3,swarm_bot_4,-0.9445,-0.6986,0.0042,0.0031,0.0052
63.748,4,swarm_bot_5,0.3787,-1.1252,-0.0015,0.005,0.0052
63.85,0,swarm_bot_1,1.1974,-0.0014,-0.0051,-0.0001,0.0051
63.85,1,swarm_bot_2,0.3811,1.1233,-0.0016,-0.0048,0.0051
63.85,2,swarm_bot_3,-0.9398,0.6914,0.0041,-0.003,0.0051
63.851,3,swarm_bot_4,-0.9441,-0.6983,0.0041,0.003,0.0051
63.851,4,swarm_bot_5,0.3786,-1.1247,-0.0015,0.0049,0.0051
64.353,1,swarm_bot_2,0.3809,1.1229,-0.0016,-0.0047,0.005
64.353,2,swarm_bot_3,-0.9394,0.6911,0.0041,-0.0029,0.005
64.353,0,swarm_bot_1,1.1969,-0.0014,-0.005,-0.0001,0.005
64.354,3,swarm_bot_4,-0.9437,-0.698,0.004,0.0029,0.005
64.354,4,swarm_bot_5,0.3784,-1.1242,-0.0015,0.0048,0.005
64.455,0,swarm_bot_1,1.1964,-0.0014,-0.0049,-0.0001,0.0049
64.456,1,swarm_bot_2,0.3808,1.1224,-0.0015,-0.0046,0.0049
64.456,3,swarm_bot_4,-0.9433,-0.6978,0.0039,0.0029,0.0049
64.457,4,swarm_bot_5,0.3783,-1.1237,-0.0015,0.0047,0.0049
64.457,2,swarm_bot_3,-0.939,0.6908,0.004,-0.0029,0.0049
64.567,0,swarm_bot_1,1.1959,-0.0014,-0.0048,-0.0001,0.0048
64.568,1,swarm_bot_2,0.3806,1.1219,-0.0015,-0.0045,0.0048
64.568,2,swarm_bot_3,-0.9387,0.6905,0.0039,-0.0028,0.0048
64.568,3,swarm_bot_4,-0.9429,-0.6975,0.0038,0.0028,0.0048
64.569,4,swarm_bot_5,0.3781,-1.1233,-0.0014,0.0046,0.0048
64.673,0,swarm_bot_1,1.1954,-0.0014,-0.0047,-0.0001,0.0047
64.673,1,swarm_bot_2,0.3805,1.1215,-0.0015,-0.0044,0.0047
64.674,3,swarm_bot_4,-0.9425,-0.6972,0.0038,0.0027,0.0047
64.674,2,swarm_bot_3,-0.9383,0.6902,0.0038,-0.0027,0.0047
64.674,4,swarm_bot_5,0.378,-1.1228,-0.0014,0.0045,0.0047
65.274,1,swarm_bot_2,0.3803,1.1211,-0.0014,-0.0044,0.0046
65.275,4,swarm_bot_5,0.3779,-1.1224,-0.0014,0.0044,0.0046
65.275,0,swarm_bot_1,1.195,-0.0014,-0.0046,-0.0001,0.0046
65.275,2,swarm_bot_3,-0.9379,0.69,0.0037,-0.0027,0.0046
65.275,3,swarm_bot_4,-0.9421,-0.6969,0.0037,0.0027,0.0046
65.376,0,swarm_bot_1,1.1945,-0.0014,-0.0045,-0.0001,0.0045
65.376,2,swarm_bot_3,-0.9375,0.6897,0.0037,-0.0026,0.0045
65.377,1,swarm_bot_2,0.3802,1.1206,-0.0014,-0.0043,0.0045
65.377,3,swarm_bot_4,-0.9418,-0.6967,0.0036,0.0026,0.0045
65.377,4,swarm_bot_5,0.3777,-1.1219,-0.0013,0.0043,0.0045
65.485,0,swarm_bot_1,1.1941,-0.0014,-0.0044,-0.0001,0.0044
65.486,4,swarm_bot_5,0.3776,-1.1215,-0.0013,0.0042,0.0044
65.487,1,swarm_bot_2,0.3801,1.1202,-0.0014,-0.0042,0.0044
65.488,2,swarm_bot_3,-0.9372,0.6894,0.0036,-0.0026,0.0044
65.489,3,swarm_bot_4,-0.9414,-0.6964,0.0035,0.0026,0.0044
65.592,1,swarm_bot_2,0.3799,1.1198,-0.0014,-0.0041,0.0043
65.592,2,swarm_bot_3,-0.9368,0.6892,0.0035,-0.0025,0.0043
65.593,0,swarm_bot_1,1.1937,-0.0015,-0.0043,-0.0001,0.0043
65.593,3,swarm_bot_4,-0.9411,-0.6962,0.0035,0.0025,0.0043
65.593,4,swarm_bot_5,0.3775,-1.1211,-0.0013,0.0041,0.0043
66.194,1,swarm_bot_2,0.3798,1.1194,-0.0013,-0.004,0.0042
66.194,2,swarm_bot_3,-0.9365,0.6889,0.0034,-0.0025,0.0042
66.195,0,swarm_bot_1,1.1932,-0.0015,-0.0042,-0.0,0.0042
66.195,3,swarm_bot_4,-0.9407,-0.6959,0.0034,0.0025,0.0042
66.195,4,swarm_bot_5,0.3773,-1.1207,-0.0013,0.004,0.0042
66.296,0,swarm_bot_1,1.1928,-0.0015,-0.0041,-0.0,0.0041
66.296,1,swarm_bot_2,0.3797,1.119,-0.0013,-0.0039,0.0041
66.296,2,swarm_bot_3,-0.9361,0.6887,0.0034,-0.0024,0.0041
66.297,4,swarm_bot_5,0.3772,-1.1203,-0.0012,0.004,0.0042
66.297,3,swarm_bot_4,-0.9404,-0.6957,0.0033,0.0024,0.0041
66.405,1,swarm_bot_2,0.3795,1.1186,-0.0013,-0.0038,0.004
66.406,0,swarm_bot_1,1.1924,-0.0015,-0.0041,-0.0,0.0041
66.407,4,swarm_bot_5,0.3771,-1.1199,-0.0012,0.0039,0.0041
66.408,2,swarm_bot_3,-0.9358,0.6885,0.0033,-0.0024,0.0041
66.408,3,swarm_bot_4,-0.9401,-0.6954,0.0032,0.0024,0.004
66.511,0,swarm_bot_1,1.192,-0.0015,-0.004,-0.0,0.004
66.511,3,swarm_bot_4,-0.9398,-0.6952,0.0032,0.0023,0.0039
66.512,1,swarm_bot_2,0.3794,1.1183,-0.0012,-0.0038,0.004
66.512,2,swarm_bot_3,-0.9355,0.6882,0.0032,-0.0023,0.004
66.512,4,swarm_bot_5,0.377,-1.1195,-0.0012,0.0038,0.004
67.113,2,swarm_bot_3,-0.9352,0.688,0.0032,-0.0023,0.0039
67.113,0,swarm_bot_1,1.1916,-0.0015,-0.0039,-0.0,0.0039
67.113,1,swarm_bot_2,0.3793,1.1179,-0.0012,-0.0037,0.0039
67.113,3,swarm_bot_4,-0.9394,-0.695,0.0031,0.0023,0.0039
67.114,4,swarm_bot_5,0.3769,-1.1192,-0.0012,0.0037,0.0039
67.214,0,swarm_bot_1,1.1912,-0.0015,-0.0038,-0.0,0.0038
67.215,3,swarm_bot_4,-0.9391,-0.6948,0.0031,0.0022,0.0038
67.215,4,swarm_bot_5,0.3767,-1.1188,-0.0011,0.0036,0.0038
67.215,1,swarm_bot_2,0.3792,1.1175,-0.0012,-0.0036,0.0038
67.216,2,swarm_bot_3,-0.9349,0.6878,0.0031,-0.0022,0.0038
67.331,0,swarm_bot_1,1.1909,-0.0015,-0.0037,-0.0,0.0037
67.331,2,swarm_bot_3,-0.9346,0.6876,0.003,-0.0022,0.0037
67.332,3,swarm_bot_4,-0.9388,-0.6945,0.003,0.0022,0.0037
67.333,4,swarm_bot_5,0.3766,-1.1184,-0.0011,0.0036,0.0037
67.335,1,swarm_bot_2,0.3791,1.1172,-0.0012,-0.0035,0.0037
67.437,0,swarm_bot_1,1.1905,-0.0015,-0.0037,-0.0,0.0037
67.437,3,swarm_bot_4,-0.9385,-0.6943,0.0029,0.0021,0.0036
67.438,4,swarm_bot_5,0.3765,-1.1181,-0.0011,0.0035,0.0037
67.438,1,swarm_bot_2,0.3789,1.1168,-0.0011,-0.0035,0.0036
67.439,2,swarm_bot_3,-0.9343,0.6873,0.003,-0.0021,0.0037
68.04,0,swarm_bot_1,1.1901,-0.0015,-0.0036,-0.0,0.0036
68.041,1,swarm_bot_2,0.3788,1.1165,-0.0011,-0.0034,0.0036
68.041,2,swarm_bot_3,-0.934,0.6871,0.0029,-0.0021,0.0036
68.041,3,swarm_bot_4,-0.9383,-0.6941,0.0029,0.0021,0.0035
68.042,4,swarm_bot_5,0.3764,-1.1178,-0.0011,0.0034,0.0036
68.142,1,swarm_bot_2,0.3787,1.1162,-0.0011,-0.0033,0.0035
68.142,3,swarm_bot_4,-0.938,-0.6939,0.0028,0.002,0.0035
68.143,0,swarm_bot_1,1.1898,-0.0015,-0.0035,-0.0,0.0035
68.143,2,swarm_bot_3,-0.9337,0.6869,0.0028,-0.0021,0.0035
68.143,4,swarm_bot_5,0.3763,-1.1174,-0.001,0.0034,0.0035
68.26,4,swarm_bot_5,0.3762,-1.1171,-0.001,0.0033,0.0034
68.261,0,swarm_bot_1,1.1895,-0.0015,-0.0034,-0.0,0.0034
68.261,1,swarm_bot_2,0.3786,1.1158,-0.0011,-0.0032,0.0034
68.262,2,swarm_bot_3,-0.9334,0.6867,0.0028,-0.002,0.0034
68.263,3,swarm_bot_4,-0.9377,-0.6937,0.0027,0.002,0.0034
68.365,0,swarm_bot_1,1.1891,-0.0015,-0.0034,-0.0,0.0034
68.365,1,swarm_bot_2,0.3785,1.1155,-0.001,-0.0032,0.0033
68.366,2,swarm_bot_3,-0.9331,0.6865,0.0027,-0.002,0.0034
68.366,3,swarm_bot_4,-0.9374,-0.6935,0.0027,0.002,0.0033
68.366,4,swarm_bot_5,0.3761,-1.1168,-0.001,0.0032,0.0034
68.868,0,swarm_bot_1,1.1888,-0.0015,-0.0033,-0.0,0.0033
68.868,2,swarm_bot_3,-0.9329,0.6863,0.0027,-0.0019,0.0033
68.868,4,swarm_bot_5,0.376,-1.1165,-0.001,0.0031,0.0033
68.869,1,swarm_bot_2,0.3784,1.1152,-0.001,-0.0031,0.0033
68.869,3,swarm_bot_4,-0.9372,-0.6933,0.0026,0.0019,0.0033
68.97,1,swarm_bot_2,0.3783,1.1149,-0.001,-0.003,0.0032
68.97,3,swarm_bot_4,-0.9369,-0.6931,0.0026,0.0019,0.0032
68.971,0,swarm_bot_1,1.1885,-0.0015,-0.0032,-0.0,0.0032
68.971,2,swarm_bot_3,-0.9326,0.6861,0.0026,-0.0019,0.0032
68.971,4,swarm_bot_5,0.3759,-1.1161,-0.001,0.0031,0.0032
69.082,0,swarm_bot_1,1.1882,-0.0015,-0.0032,-0.0,0.0032
69.083,1,swarm_bot_2,0.3782,1.1146,-0.001,-0.003,0.0031
69.084,2,swarm_bot_3,-0.9324,0.686,0.0026,-0.0018,0.0032
69.085,3,swarm_bot_4,-0.9367,-0.6929,0.0025,0.0018,0.0031
69.086,4,swarm_bot_5,0.3758,-1.1158,-0.0009,0.003,0.0032
69.188,0,swarm_bot_1,1.1878,-0.0015,-0.0031,-0.0,0.0031
69.189,1,swarm_bot_2,0.3781,1.1143,-0.001,-0.0029,0.0031
69.189,2,swarm_bot_3,-0.9321,0.6858,0.0025,-0.0018,0.0031
69.189,3,swarm_bot_4,-0.9364,-0.6928,0.0025,0.0018,0.0031
69.19,4,swarm_bot_5,0.3757,-1.1155,-0.0009,0.003,0.0031
69.79,0,swarm_bot_1,1.1875,-0.0015,-0.003,-0.0,0.003
69.79,2,swarm_bot_3,-0.9319,0.6856,0.0025,-0.0018,0.003
69.791,1,swarm_bot_2,0.378,1.114,-0.0009,-0.0029,0.003
69.791,3,swarm_bot_4,-0.9362,-0.6926,0.0024,0.0018,0.003
69.791,4,swarm_bot_5,0.3756,-1.1153,-0.0009,0.0029,0.003
69.892,4,swarm_bot_5,0.3755,-1.115,-0.0009,0.0028,0.003
69.892,0,swarm_bot_1,1.1872,-0.0015,-0.003,-0.0,0.003
69.892,1,swarm_bot_2,0.3779,1.1137,-0.0009,-0.0028,0.003
69.893,2,swarm_bot_3,-0.9316,0.6854,0.0024,-0.0017,0.003
69.893,3,swarm_bot_4,-0.9359,-0.6924,0.0024,0.0017,0.0029
70.002,2,swarm_bot_3,-0.9314,0.6853,0.0024,-0.0017,0.0029
70.003,1,swarm_bot_2,0.3778,1.1135,-0.0009,-0.0027,0.0029
70.003,3,swarm_bot_4,-0.9357,-0.6922,0.0023,0.0017,0.0029
70.004,4,swarm_bot_5,0.3755,-1.1147,-0.0009,0.0028,0.0029
70.006,0,swarm_bot_1,1.187,-0.0015,-0.0029,-0.0,0.0029
70.115,0,swarm_bot_1,1.1867,-0.0015,-0.0028,-0.0,0.0028
70.115,2,swarm_bot_3,-0.9312,0.6851,0.0023,-0.0017,0.0028
70.115,3,swarm_bot_4,-0.9355,-0.6921,0.0023,0.0017,0.0028
70.116,4,swarm_bot_5,0.3754,-1.1144,-0.0009,0.0027,0.0029
70.116,1,swarm_bot_2,0.3777,1.1132,-0.0009,-0.0027,0.0028
70.517,1,swarm_bot_2,0.3777,1.1129,-0.0009,-0.0026,0.0028
70.517,2,swarm_bot_3,-0.9309,0.6849,0.0023,-0.0016,0.0028
70.517,4,swarm_bot_5,0.3753,-1.1142,-0.0008,0.0027,0.0028
70.518,0,swarm_bot_1,1.1864,-0.0015,-0.0028,-0.0,0.0028
70.518,3,swarm_bot_4,-0.9353,-0.6919,0.0022,0.0016,0.0028
70.618,2,swarm_bot_3,-0.9307,0.6848,0.0022,-0.0016,0.0027
70.619,0,swarm_bot_1,1.1861,-0.0015,-0.0027,-0.0,0.0027
70.619,1,swarm_bot_2,0.3776,1.1127,-0.0008,-0.0026,0.0027
70.619,3,swarm_bot_4,-0.935,-0.6918,0.0022,0.0016,0.0027
70.619,4,swarm_bot_5,0.3752,-1.1139,-0.0008,0.0026,0.0027
70.736,0,swarm_bot_1,1.1859,-0.0015,-0.0027,-0.0,0.0027
70.737,1,swarm_bot_2,0.3775,1.1124,-0.0008,-0.0025,0.0027
70.737,3,swarm_bot_4,-0.9348,-0.6916,0.0021,0.0016,0.0026
70.738,4,swarm_bot_5,0.3751,-1.1136,-0.0008,0.0026,0.0027
70.74,2,swarm_bot_3,-0.9305,0.6846,0.0022,-0.0016,0.0027
70.846,4,swarm_bot_5,0.375,-1.1134,-0.0008,0.0025,0.0026
70.846,0,swarm_bot_1,1.1856,-0.0015,-0.0026,-0.0,0.0026
70.846,1,swarm_bot_2,0.3774,1.1122,-0.0008,-0.0025,0.0026
70.847,2,swarm_bot_3,-0.9303,0.6845,0.0021,-0.0015,0.0026
70.847,3,swarm_bot_4,-0.9346,-0.6915,0.0021,0.0015,0.0026
71.447,1,swarm_bot_2,0.3773,1.1119,-0.0008,-0.0024,0.0025
71.448,2,swarm_bot_3,-0.9301,0.6843,0.0021,-0.0015,0.0026
71.448,4,swarm_bot_5,0.375,-1.1131,-0.0008,0.0025,0.0026
71.448,0,swarm_bot_1,1.1853,-0.0015,-0.0026,-0.0,0.0026
71.448,3,swarm_bot_4,-0.9344,-0.6913,0.002,0.0015,0.0025
71.549,0,swarm_bot_1,1.1851,-0.0015,-0.0025,-0.0,0.0025
71.55,1,swarm_bot_2,0.3773,1.1117,-0.0008,-0.0024,0.0025
71.55,4,swarm_bot_5,0.3749,-1.1129,-0.0008,0.0024,0.0025
71.55,2,swarm_bot_3,-0.9299,0.6842,0.002,-0.0015,0.0025
71.55,3,swarm_bot_4,-0.9342,-0.6912,0.002,0.0015,0.0025
71.662,3,swarm_bot_4,-0.934,-0.691,0.002,0.0014,0.0024
71.662,4,swarm_bot_5,0.3748,-1.1127,-0.0007,0.0024,0.0025
71.662,0,swarm_bot_1,1.1848,-0.0015,-0.0025,-0.0,0.0025
71.663,1,swarm_bot_2,0.3772,1.1115,-0.0008,-0.0023,0.0024
71.663,2,swarm_bot_3,-0.9297,0.684,0.002,-0.0014,0.0025
71.77,0,swarm_bot_1,1.1846,-0.0015,-0.0024,-0.0,0.0024
71.77,4,swarm_bot_5,0.3747,-1.1124,-0.0007,0.0023,0.0024
71.77,1,swarm_bot_2,0.3771,1.1112,-0.0007,-0.0023,0.0024
71.771,2,swarm_bot_3,-0.9295,0.6839,0.002,-0.0014,0.0024
71.771,3,swarm_bot_4,-0.9338,-0.6909,0.0019,0.0014,0.0024
72.371,2,swarm_bot_3,-0.9293,0.6837,0.0019,-0.0014,0.0024
72.372,0,swarm_bot_1,1.1844,-0.0015,-0.0024,-0.0,0.0024
72.372,1,swarm_bot_2,0.377,1.111,-0.0007,-0.0022,0.0023
72.372,3,swarm_bot_4,-0.9336,-0.6907,0.0019,0.0014,0.0023
72.372,4,swarm_bot_5,0.3747,-1.1122,-0.0007,0.0023,0.0024
72.473,0,swarm_bot_1,1.1841,-0.0015,-0.0023,-0.0,0.0023
72.474,1,swarm_bot_2,0.377,1.1108,-0.0007,-0.0022,0.0023
72.474,2,swarm_bot_3,-0.9291,0.6836,0.0019,-0.0014,0.0023
72.474,3,swarm_bot_4,-0.9334,-0.6906,0.0018,0.0013,0.0023
72.475,4,swarm_bot_5,0.3746,-1.112,-0.0007,0.0022,0.0023
72.585,0,swarm_bot_1,1.1839,-0.0015,-0.0023,-0.0,0.0023
72.585,1,swarm_bot_2,0.3769,1.1106,-0.0007,-0.0021,0.0022
72.586,2,swarm_bot_3,-0.9289,0.6835,0.0018,-0.0013,0.0023
72.586,4,swarm_bot_5,0.3745,-1.1118,-0.0007,0.0022,0.0023
72.588,3,swarm_bot_4,-0.9333,-0.6905,0.0018,0.0013,0.0022
72.701,0,swarm_bot_1,1.1837,-0.0015,-0.0022,-0.0,0.0022
72.701,2,swarm_bot_3,-0.9287,0.6833,0.0018,-0.0013,0.0022
72.702,3,swarm_bot_4,-0.9331,-0.6903,0.0018,0.0013,0.0022
72.702,1,swarm_bot_2,0.3768,1.1104,-0.0007,-0.0021,0.0022
72.702,4,swarm_bot_5,0.3745,-1.1116,-0.0007,0.0021,0.0022
73.302,3,swarm_bot_4,-0.9329,-0.6902,0.0017,0.0013,0.0021
73.303,0,swarm_bot_1,1.1835,-0.0015,-0.0022,-0.0,0.0022
73.303,1,swarm_bot_2,0.3768,1.1102,-0.0007,-0.002,0.0022
73.303,2,swarm_bot_3,-0.9286,0.6832,0.0018,-0.0013,0.0022
73.303,4,swarm_bot_5,0.3744,-1.1114,-0.0007,0.0021,0.0022
73.405,0,swarm_bot_1,1.1833,-0.0015,-0.0021,-0.0,0.0021
73.406,1,swarm_bot_2,0.3767,1.11,-0.0007,-0.002,0.0021
73.406,2,swarm_bot_3,-0.9284,0.6831,0.0017,-0.0012,0.0021
73.406,3,swarm_bot_4,-0.9327,-0.6901,0.0017,0.0012,0.0021
73.407,4,swarm_bot_5,0.3743,-1.1112,-0.0006,0.002,0.0021
73.524,1,swarm_bot_2,0.3766,1.1098,-0.0006,-0.002,0.0021
73.524,2,swarm_bot_3,-0.9282,0.683,0.0017,-0.0012,0.0021
73.524,3,swarm_bot_4,-0.9326,-0.69,0.0017,0.0012,0.002
73.524,4,swarm_bot_5,0.3743,-1.111,-0.0006,0.002,0.0021
73.525,0,swarm_bot_1,1.1831,-0.0015,-0.0021,-0.0,0.0021
73.63,2,swarm_bot_3,-0.9281,0.6828,0.0017,-0.0012,0.002
73.63,4,swarm_bot_5,0.3742,-1.1108,-0.0006,0.0019,0.002
73.63,0,swarm_bot_1,1.1828,-0.0015,-0.002,-0.0,0.002
73.631,1,swarm_bot_2,0.3766,1.1096,-0.0006,-0.0019,0.002
73.631,3,swarm_bot_4,-0.9324,-0.6899,0.0016,0.0012,0.002
74.232,1,swarm_bot_2,0.3765,1.1094,-0.0006,-0.0019,0.002
74.232,2,swarm_bot_3,-0.9279,0.6827,0.0016,-0.0012,0.002
74.232,3,swarm_bot_4,-0.9323,-0.6897,0.0016,0.0012,0.002
74.233,0,swarm_bot_1,1.1826,-0.0015,-0.002,-0.0,0.002
74.233,4,swarm_bot_5,0.3742,-1.1106,-0.0006,0.0019,0.002
74.333,1,swarm_bot_2,0.3764,1.1092,-0.0006,-0.0018,0.0019
74.333,3,swarm_bot_4,-0.9321,-0.6896,0.0016,0.0011,0.0019
74.334,0,swarm_bot_1,1.1825,-0.0016,-0.0019,-0.0,0.0019
74.334,2,swarm_bot_3,-0.9277,0.6826,0.0016,-0.0011,0.002
74.334,4,swarm_bot_5,0.3741,-1.1104,-0.0006,0.0019,0.002
74.448,1,swarm_bot_2,0.3764,1.109,-0.0006,-0.0018,0.0019
74.448,2,swarm_bot_3,-0.9276,0.6825,0.0016,-0.0011,0.0019
74.449,4,swarm_bot_5,0.374,-1.1102,-0.0006,0.0018,0.0019
74.449,0,swarm_bot_1,1.1823,-0.0016,-0.0019,-0.0,0.0019
74.45,3,swarm_bot_4,-0.932,-0.6895,0.0015,0.0011,0.0019
74.552,1,swarm_bot_2,0.3763,1.1089,-0.0006,-0.0018,0.0019
74.553,3,swarm_bot_4,-0.9318,-0.6894,0.0015,0.0011,0.0018
74.554,0,swarm_bot_1,1.1821,-0.0016,-0.0019,-0.0,0.0019
74.554,2,swarm_bot_3,-0.9274,0.6824,0.0015,-0.0011,0.0019
74.554,4,swarm_bot_5,0.374,-1.11,-0.0006,0.0018,0.0019
75.153,0,swarm_bot_1,1.1819,-0.0016,-0.0018,-0.0,0.0018
75.153,1,swarm_bot_2,0.3763,1.1087,-0.0006,-0.0017,0.0018
75.154,2,swarm_bot_3,-0.9273,0.6823,0.0015,-0.0011,0.0018
75.154,3,swarm_bot_4,-0.9317,-0.6893,0.0015,0.0011,0.0018
75.154,4,swarm_bot_5,0.3739,-1.1098,-0.0006,0.0018,0.0018
75.255,0,swarm_bot_1,1.1817,-0.0016,-0.0018,-0.0,0.0018
75.256,1,swarm_bot_2,0.3762,1.1085,-0.0006,-0.0017,0.0018
75.256,2,swarm_bot_3,-0.9271,0.6822,0.0015,-0.0011,0.0018
75.257,3,swarm_bot_4,-0.9315,-0.6892,0.0014,0.001,0.0018
75.258,4,swarm_bot_5,0.3739,-1.1097,-0.0005,0.0017,0.0018
75.37,2,swarm_bot_3,-0.927,0.6821,0.0014,-0.001,0.0018
75.371,3,swarm_bot_4,-0.9314,-0.6891,0.0014,0.001,0.0017
75.371,0,swarm_bot_1,1.1815,-0.0016,-0.0018,-0.0,0.0018
75.372,1,swarm_bot_2,0.3762,1.1084,-0.0005,-0.0017,0.0017
75.374,4,swarm_bot_5,0.3738,-1.1095,-0.0005,0.0017,0.0018
75.48,0,swarm_bot_1,1.1814,-0.0016,-0.0017,-0.0,0.0017
75.48,1,swarm_bot_2,0.3761,1.1082,-0.0005,-0.0016,0.0017
75.481,2,swarm_bot_3,-0.9268,0.682,0.0014,-0.001,0.0017
75.481,3,swarm_bot_4,-0.9312,-0.689,0.0014,0.001,0.0017
75.481,4,swarm_bot_5,0.3738,-1.1093,-0.0005,0.0016,0.0017
76.081,0,swarm_bot_1,1.1812,-0.0016,-0.0017,-0.0,0.0017
76.081,2,swarm_bot_3,-0.9267,0.6819,0.0014,-0.001,0.0017
76.081,3,swarm_bot_4,-0.9311,-0.6889,0.0013,0.001,0.0017
76.081,1,swarm_bot_2,0.3761,1.108,-0.0005,-0.0016,0.0017
76.082,4,swarm_bot_5,0.3737,-1.1092,-0.0005,0.0016,0.0017
76.182,2,swarm_bot_3,-0.9266,0.6818,0.0013,-0.001,0.0017
76.182,3,swarm_bot_4,-0.931,-0.6888,0.0013,0.001,0.0016
76.183,0,swarm_bot_1,1.181,-0.0016,-0.0016,-0.0,0.0016
76.183,1,swarm_bot_2,0.376,1.1079,-0.0005,-0.0016,0.0016
76.184,4,swarm_bot_5,0.3737,-1.109,-0.0005,0.0016,0.0017
76.301,0,swarm_bot_1,1.1809,-0.0016,-0.0016,-0.0,0.0016
76.301,1,swarm_bot_2,0.3759,1.1077,-0.0005,-0.0015,0.0016
76.302,2,swarm_bot_3,-0.9264,0.6817,0.0013,-0.001,0.0016
76.302,3,swarm_bot_4,-0.9308,-0.6887,0.0013,0.0009,0.0016
76.303,4,swarm_bot_5,0.3736,-1.1089,-0.0005,0.0015,0.0016
76.407,0,swarm_bot_1,1.1807,-0.0016,-0.0016,-0.0,0.0016
76.408,1,swarm_bot_2,0.3759,1.1076,-0.0005,-0.0015,0.0016
76.408,2,swarm_bot_3,-0.9263,0.6816,0.0013,-0.0009,0.0016
76.408,3,swarm_bot_4,-0.9307,-0.6886,0.0013,0.0009,0.0016
76.409,4,swarm_bot_5,0.3736,-1.1087,-0.0005,0.0015,0.0016
76.908,2,swarm_bot_3,-0.9262,0.6815,0.0013,-0.0009,0.0016
76.908,0,swarm_bot_1,1.1806,-0.0016,-0.0015,-0.0,0.0015
76.909,1,swarm_bot_2,0.3759,1.1074,-0.0005,-0.0015,0.0015
76.909,3,swarm_bot_4,-0.9306,-0.6885,0.0012,0.0009,0.0015
76.909,4,swarm_bot_5,0.3735,-1.1086,-0.0005,0.0015,0.0016
77.009,2,swarm_bot_3,-0.9261,0.6814,0.0012,-0.0009,0.0015
77.01,3,swarm_bot_4,-0.9305,-0.6884,0.0012,0.0009,0.0015
77.01,0,swarm_bot_1,1.1804,-0.0016,-0.0015,-0.0,0.0015
77.01,1,swarm_bot_2,0.3758,1.1073,-0.0005,-0.0014,0.0015
77.01,4,swarm_bot_5,0.3735,-1.1084,-0.0005,0.0015,0.0015
